order_id,customer_name,product,quantity,unit_price,order_date,total_price
1001.0,Leila,Lincoln,3.0,28114,2025-01-09,84342.0
505.0,Ranna,Isuzu,4.0,12801,,51204.0
1003.0,Margarete,Mazda,9.0,16058,,144522.0
1004.0,Franzen,Jeep,6.0,23892,2025-10-04,143352.0
505.0,Prentice,Mitsubishi,6.0,15834,,95004.0
1006.0,Prescott,Ford,9.0,16010,2025-09-30,144090.0
1007.0,Derk,Honda,4.0,22296,2025-05-08,89184.0
1008.0,Demetri,GMC,6.0,25051,2025-03-11,150306.0
1009.0,Tymon,Mercedes-Benz,1.0,20656,,20656.0
505.0,Marilin,Kia,3.0,26862,2025-08-03,80586.0
505.0,Evin,Infiniti,10.0,11194,2025-06-12,111940.0
1012.0,Ofelia,Shelby,9.0,11279,2025-07-16,101511.0
1013.0,Obediah,Ford,7.0,17804,,124628.0
1014.0,Cymbre,Dodge,5.0,11322,,56610.0
505.0,Tedi,Suzuki,7.0,19423,2025-08-18,135961.0
1016.0,Myrtia,Audi,2.0,28904,2025-06-19,57808.0
1017.0,Chuck,Mitsubishi,7.0,26595,2025-03-06,186165.0
1018.0,Floria,Kia,3.0,15884,,47652.0
1019.0,Darsie,Maybach,6.0,19542,2025-10-10,117252.0
1020.0,Kristian,Land Rover,10.0,10332,2025-10-22,103320.0
1021.0,Catherine,Lotus,7.0,22864,2025-07-23,160048.0
1022.0,Danni,BMW,2.0,12711,2025-05-15,25422.0
505.0,Kassie,Mitsubishi,7.0,10761,,75327.0
505.0,Della,Chevrolet,10.0,18771,2025-06-01,187710.0
1025.0,Darby,Pontiac,5.0,17585,2025-10-12,87925.0
1026.0,Danyelle,Ford,1.0,16113,,16113.0
1027.0,Bobbette,Lexus,10.0,24349,2025-04-04,243490.0
1028.0,Cam,Nissan,10.0,17259,2025-08-15,172590.0
1029.0,Rowe,Ford,10.0,23093,2025-01-17,230930.0
1030.0,Gibbie,Isuzu,7.0,30000,2025-07-24,210000.0
1031.0,Ruben,Buick,9.0,25726,,231534.0
1032.0,Nicolle,Dodge,5.0,18872,2025-10-12,94360.0
1033.0,Coraline,Cadillac,9.0,11533,,103797.0
1034.0,Arden,Land Rover,1.0,18383,2025-10-10,18383.0
1035.0,Forrest,GMC,1.0,19366,,19366.0
1036.0,Nesta,GMC,9.0,26062,2025-08-06,234558.0
1037.0,Fiona,Buick,7.0,25605,2025-01-25,179235.0
1038.0,Rorie,Chevrolet,3.0,16496,2025-01-14,49488.0
505.0,Ramona,Subaru,5.0,26552,2025-05-17,132760.0
1040.0,Gerri,Isuzu,8.0,14631,2025-08-29,117048.0
1041.0,Mario,Ford,9.0,23458,2025-02-25,211122.0
505.0,Stacy,Volkswagen,10.0,23071,2025-09-10,230710.0
1043.0,Karee,GMC,6.0,23642,,141852.0
1044.0,Amory,Audi,1.0,28559,2025-07-02,28559.0
1045.0,Jasper,Subaru,8.0,14275,2025-08-05,114200.0
505.0,Dorene,Chrysler,6.0,29456,2025-08-16,176736.0
505.0,Carlynn,Volkswagen,10.0,16303,2025-08-23,163030.0
1048.0,Cyndie,Volvo,8.0,21052,,168416.0
1049.0,Ingra,Saturn,1.0,11753,,11753.0
1050.0,Braden,Ford,9.0,13063,2025-04-29,117567.0
1051.0,Syman,Chrysler,10.0,14814,,148140.0
505.0,Pip,Ford,9.0,14386,2025-02-02,129474.0
1053.0,Ernaline,Buick,2.0,17344,2025-04-19,34688.0
505.0,Orlando,Buick,8.0,25429,,203432.0
1055.0,Rayner,Hyundai,4.0,24415,2025-01-26,97660.0
1056.0,Mavra,Buick,5.0,15760,,78800.0
1057.0,Christos,Ford,7.0,18428,2025-07-07,128996.0
505.0,Findley,Buick,7.0,28733,,201131.0
505.0,Obie,Chevrolet,1.0,12715,2025-06-24,12715.0
1060.0,Viole,Toyota,7.0,26780,,187460.0
1061.0,Maureene,Ford,1.0,20783,2025-03-04,20783.0
1062.0,Tann,Ford,4.0,18593,2025-01-30,74372.0
1063.0,Jandy,Ford,9.0,20391,2025-05-22,183519.0
1064.0,Travis,Chevrolet,6.0,24105,,144630.0
1065.0,Melinda,Pontiac,10.0,25852,2025-01-16,258520.0
1066.0,Bibbye,Mitsubishi,10.0,29071,,290710.0
1067.0,Maje,Oldsmobile,10.0,23914,,239140.0
505.0,Kimbra,Audi,3.0,17712,,53136.0
1069.0,Bernita,Jaguar,8.0,10950,2025-06-08,87600.0
1070.0,Alastair,Nissan,9.0,27215,2025-05-30,244935.0
1071.0,Bear,Ford,8.0,19121,2025-04-25,152968.0
1072.0,Taffy,Audi,6.0,17006,,102036.0
1073.0,Glenna,GMC,10.0,19736,2025-05-22,197360.0
1074.0,Vlad,Nissan,6.0,26218,,157308.0
1075.0,Elaina,Toyota,3.0,17836,2025-10-22,53508.0
1076.0,Emalee,Hyundai,5.0,25666,2025-06-05,128330.0
1077.0,Carri,Chevrolet,1.0,16769,,16769.0
505.0,Isiahi,Ford,6.0,19442,2025-09-30,116652.0
505.0,Freemon,Mitsubishi,6.0,23617,2025-05-25,141702.0
1080.0,Annora,Volkswagen,1.0,13759,,13759.0
1081.0,Shannon,Ford,3.0,17214,2025-10-18,51642.0
1082.0,Ginevra,Ford,2.0,18846,,37692.0
1083.0,Kean,Mitsubishi,3.0,17769,2025-07-24,53307.0
505.0,Clarey,Mercury,9.0,25586,2025-05-21,230274.0
505.0,Darbee,Jeep,4.0,11083,2025-09-30,44332.0
1086.0,Rock,Suzuki,10.0,13071,2025-08-19,130710.0
1087.0,Meara,Volkswagen,3.0,24391,,73173.0
1088.0,Sheeree,Lexus,4.0,21488,,85952.0
505.0,Ferdie,GMC,8.0,20019,2025-05-06,160152.0
1090.0,Abbott,Mercedes-Benz,1.0,18900,2025-10-11,18900.0
1091.0,Erny,Audi,10.0,27662,2025-03-09,276620.0
1092.0,Hilton,Pontiac,10.0,26484,2025-03-25,264840.0
505.0,Shelbi,Audi,5.0,10090,2025-01-16,50450.0
1094.0,Decca,Ford,5.0,10834,2025-04-14,54170.0
1095.0,Godfrey,Nissan,4.0,19258,2025-05-22,77032.0
1096.0,Sutton,Toyota,2.0,18555,2025-04-11,37110.0
1097.0,Zitella,Hyundai,10.0,24838,,248380.0
505.0,Ceciley,Oldsmobile,10.0,23220,2025-02-07,232200.0
1099.0,Cariotta,Nissan,4.0,23809,2025-07-29,95236.0
505.0,Alard,Saturn,5.0,13531,2025-04-08,67655.0
1101.0,Kelsey,Mitsubishi,1.0,15244,2025-07-22,15244.0
1102.0,Tynan,Ford,7.0,14150,2025-06-03,99050.0
1103.0,Aarika,Ford,10.0,13671,2025-06-08,136710.0
505.0,Ula,Acura,10.0,13573,2025-02-02,135730.0
1105.0,Kimball,Honda,6.0,27220,2025-08-16,163320.0
1106.0,Bonnee,Volvo,3.0,27213,2025-02-10,81639.0
1107.0,Gratia,Hummer,10.0,14263,2025-10-12,142630.0
1108.0,Yanaton,Honda,10.0,21485,2025-10-07,214850.0
1109.0,Sarine,Dodge,8.0,15311,2025-08-08,122488.0
1110.0,Haleigh,Maserati,2.0,18886,,37772.0
505.0,Katinka,Infiniti,5.0,23479,2025-03-07,117395.0
1112.0,Larry,Mercury,2.0,27816,2025-04-27,55632.0
1113.0,Charmine,Mercury,3.0,15659,,46977.0
1114.0,Isacco,Ford,9.0,16652,,149868.0
505.0,Ertha,Ford,5.0,24175,,120875.0
1116.0,Jule,Ford,2.0,19847,2025-03-10,39694.0
505.0,Maridel,BMW,7.0,10309,2025-01-01,72163.0
505.0,Augustine,Honda,5.0,19682,2025-04-07,98410.0
1119.0,Corny,Mercury,4.0,13370,2025-06-03,53480.0
505.0,Viva,Mercury,8.0,12636,,101088.0
1121.0,Herman,Isuzu,10.0,11686,2025-04-04,116860.0
1122.0,Alvina,Volkswagen,2.0,25970,,51940.0
1123.0,Sig,Mazda,6.0,25723,,154338.0
1124.0,Garey,Ford,10.0,19608,2025-03-18,196080.0
1125.0,Birdie,Chevrolet,5.0,26999,,134995.0
1126.0,Delcina,GMC,10.0,24132,,241320.0
505.0,Clarie,GMC,5.0,16277,,81385.0
1128.0,Paolo,Plymouth,4.0,13619,2025-09-10,54476.0
1129.0,Evangelia,Mitsubishi,2.0,21655,2025-03-21,43310.0
1130.0,Katheryn,BMW,10.0,11684,2025-03-30,116840.0
505.0,Mile,Pontiac,3.0,11386,2025-02-27,34158.0
1132.0,Trudie,Ford,8.0,23907,2025-10-02,191256.0
1133.0,Adams,Suzuki,5.0,23531,2025-01-20,117655.0
1134.0,Mella,Jaguar,2.0,22974,2025-09-03,45948.0
1135.0,Gradey,Volvo,3.0,14434,2025-02-11,43302.0
1136.0,Welby,Lincoln,10.0,14282,2025-04-18,142820.0
505.0,Lenora,BMW,4.0,18547,2025-05-04,74188.0
505.0,Drucill,Volkswagen,1.0,17266,2025-01-14,17266.0
1139.0,Marlie,Chevrolet,5.0,19194,,95970.0
1140.0,Karim,Cadillac,2.0,20696,2025-02-16,41392.0
505.0,Constantine,Pontiac,6.0,29985,2025-05-28,179910.0
1142.0,Dot,Ford,5.0,11944,2025-04-09,59720.0
505.0,Kali,Chevrolet,2.0,22648,2025-07-07,45296.0
1144.0,Emalia,BMW,2.0,22059,,44118.0
505.0,Ivar,Hyundai,6.0,13002,2025-01-03,78012.0
505.0,Farrel,Chevrolet,4.0,28997,2025-07-10,115988.0
1147.0,Jordain,Mazda,8.0,24301,,194408.0
1148.0,Michell,GMC,10.0,28920,2025-09-16,289200.0
505.0,Cathe,Chevrolet,8.0,22317,2025-02-17,178536.0
1150.0,Arlyn,Isuzu,5.0,13571,2025-07-16,67855.0
1151.0,Rhetta,Jeep,2.0,17275,2025-03-21,34550.0
505.0,Meara,Volkswagen,1.0,12194,,12194.0
1153.0,Shurlock,Dodge,8.0,20032,2025-05-08,160256.0
1154.0,Saba,Dodge,1.0,25794,,25794.0
1155.0,Daven,GMC,5.0,25951,2025-03-13,129755.0
1156.0,Dayna,Ferrari,2.0,27918,2025-08-26,55836.0
1157.0,Dion,Volkswagen,3.0,18722,,56166.0
1158.0,Audrye,Lincoln,1.0,27183,2025-07-15,27183.0
505.0,Zacharie,GMC,6.0,15264,2025-02-14,91584.0
1160.0,Robbi,Mercury,3.0,15699,2025-07-20,47097.0
1161.0,Virgilio,Dodge,9.0,26127,2025-08-03,235143.0
1162.0,Freddie,Scion,2.0,15241,2025-04-25,30482.0
1163.0,Upton,Cadillac,10.0,25306,2025-08-09,253060.0
1164.0,Quentin,Dodge,9.0,22188,2025-03-04,199692.0
1165.0,Judon,Ford,1.0,17452,,17452.0
1166.0,Hercule,Jeep,8.0,20713,,165704.0
1167.0,Vinny,Hyundai,10.0,13962,,139620.0
1168.0,Adaline,Ford,10.0,28060,2025-09-03,280600.0
1169.0,Vinni,Volvo,7.0,13039,,91273.0
505.0,Karol,Buick,4.0,23820,,95280.0
1171.0,Dinah,Ford,7.0,18865,2025-03-09,132055.0
1172.0,Juliette,Mitsubishi,8.0,12305,2025-06-25,98440.0
505.0,Geoffrey,Ford,3.0,28280,,84840.0
505.0,Naomi,Toyota,2.0,25118,2025-07-31,50236.0
505.0,Pauline,Chevrolet,9.0,17060,2025-10-07,153540.0
1176.0,Shanan,Mitsubishi,6.0,26615,2025-03-12,159690.0
1177.0,Ingeberg,Toyota,9.0,20021,2025-09-29,180189.0
1178.0,Lazare,Ford,4.0,12298,2025-07-07,49192.0
1179.0,Mommy,Chrysler,6.0,16601,,99606.0
1180.0,Dicky,Pontiac,3.0,17722,,53166.0
1181.0,Paolina,Mercedes-Benz,7.0,22001,2025-06-29,154007.0
505.0,Gnni,Lotus,10.0,28624,,286240.0
1183.0,Clari,Chevrolet,5.0,25315,2025-03-20,126575.0
505.0,Jacinda,Ford,5.0,10400,2025-04-10,52000.0
1185.0,Fremont,Mercedes-Benz,2.0,17258,2025-09-11,34516.0
1186.0,Shanta,Maybach,5.0,25081,,125405.0
1187.0,Sean,Mitsubishi,3.0,16972,2025-08-29,50916.0
505.0,Hallsy,Volvo,6.0,18421,,110526.0
505.0,Perri,Mazda,2.0,24898,,49796.0
1190.0,Chastity,Mazda,1.0,24553,2025-02-02,24553.0
1191.0,Gordie,Honda,3.0,21121,,63363.0
1192.0,Shandy,Ford,5.0,10896,2025-01-18,54480.0
1193.0,Arabele,Mercedes-Benz,1.0,25007,2025-05-08,25007.0
505.0,Nickie,Saab,9.0,21414,,192726.0
505.0,Thorn,Jaguar,8.0,28533,2025-08-25,228264.0
1196.0,Natale,BMW,10.0,16526,2025-09-20,165260.0
1197.0,Marlyn,BMW,9.0,17104,2025-08-19,153936.0
1198.0,Eugenia,BMW,1.0,13996,,13996.0
1199.0,Marrilee,Dodge,4.0,23904,2025-06-30,95616.0
505.0,Gabriello,Ford,5.0,10711,,53555.0
1201.0,Merline,Toyota,10.0,10534,2025-03-06,105340.0
505.0,Victor,Ford,3.0,27054,,81162.0
1203.0,Eden,Lexus,2.0,11677,2025-10-11,23354.0
1204.0,Robert,BMW,9.0,29984,,269856.0
1205.0,Dore,Toyota,9.0,17227,,155043.0
1206.0,April,BMW,9.0,25253,2025-06-10,227277.0
505.0,Rahel,Kia,10.0,11866,2025-06-15,118660.0
505.0,Noak,Ford,4.0,14858,2025-05-24,59432.0
1209.0,Knox,Oldsmobile,6.0,17311,2025-06-18,103866.0
1210.0,Bonny,Volkswagen,5.0,12764,2025-07-04,63820.0
1211.0,Jeffrey,Volvo,7.0,14438,2025-09-29,101066.0
1212.0,Biddie,Volkswagen,1.0,28799,2025-09-09,28799.0
505.0,Marybeth,Ford,10.0,13341,2025-10-17,133410.0
1214.0,Drucie,Cadillac,6.0,10511,2025-02-17,63066.0
1215.0,Adolphe,Ford,1.0,24447,2025-10-04,24447.0
1216.0,Meridith,Infiniti,8.0,29656,2025-07-08,237248.0
505.0,Tomas,Subaru,10.0,13025,,130250.0
1218.0,Aili,BMW,10.0,13472,2025-04-02,134720.0
505.0,Teena,Audi,1.0,17577,2025-07-16,17577.0
1220.0,Bruno,GMC,3.0,29191,2025-03-10,87573.0
1221.0,Jerrilyn,Mercedes-Benz,9.0,26711,2025-07-21,240399.0
505.0,Fredrika,Lincoln,5.0,25684,2025-04-29,128420.0
1223.0,Giles,Ford,3.0,20954,,62862.0
505.0,Wylie,Toyota,7.0,18048,2025-05-29,126336.0
1225.0,Kaela,Mitsubishi,2.0,26585,,53170.0
1226.0,Hussein,Ford,4.0,13764,2025-09-24,55056.0
505.0,Ange,Subaru,3.0,10749,2025-04-11,32247.0
1228.0,Jeane,Ford,4.0,26981,2025-02-06,107924.0
1229.0,Tulley,BMW,10.0,21046,2025-07-18,210460.0
1230.0,Jacob,Mazda,10.0,26521,2025-05-30,265210.0
1231.0,Haleigh,GMC,7.0,12247,2025-01-21,85729.0
505.0,Allen,Volvo,6.0,29438,,176628.0
1233.0,Nerissa,Ford,5.0,14611,2025-09-18,73055.0
1234.0,Emanuele,Hyundai,3.0,29754,2025-05-08,89262.0
1235.0,Jareb,Toyota,4.0,25866,2025-03-28,103464.0
505.0,Verina,Volvo,1.0,20539,2025-08-07,20539.0
1237.0,Joshua,GMC,8.0,16027,2025-06-22,128216.0
1238.0,Sherlocke,Jaguar,2.0,17008,2025-01-06,34016.0
1239.0,Simonette,Pontiac,2.0,28507,2025-02-28,57014.0
1240.0,Veriee,Ford,10.0,11473,2025-10-19,114730.0
1241.0,Delilah,Buick,6.0,17419,2025-07-05,104514.0
1242.0,Tybie,Lexus,10.0,20725,2025-05-08,207250.0
1243.0,Alysa,Chevrolet,8.0,16231,2025-10-22,129848.0
1244.0,Brendan,Dodge,10.0,15852,2025-07-15,158520.0
505.0,Sanford,Ford,2.0,24966,2025-09-06,49932.0
505.0,Philipa,Ford,1.0,16855,,16855.0
1247.0,Phylys,Toyota,5.0,27799,,138995.0
1248.0,Whittaker,Nissan,10.0,10120,2025-03-01,101200.0
1249.0,Inez,Nissan,5.0,13055,,65275.0
505.0,Zollie,Honda,8.0,25262,2025-05-25,202096.0
1251.0,Maurizio,Subaru,10.0,22801,,228010.0
1252.0,Nikolaus,Cadillac,4.0,15841,2025-06-29,63364.0
505.0,Shelli,Toyota,5.0,24244,2025-02-06,121220.0
1254.0,Miriam,Buick,4.0,28544,2025-03-25,114176.0
505.0,Prince,Ford,10.0,14861,,148610.0
1256.0,Arlie,Toyota,10.0,14782,2025-04-27,147820.0
1257.0,Karrie,Chrysler,10.0,27366,2025-04-05,273660.0
1258.0,Morganne,Mitsubishi,5.0,17550,,87750.0
505.0,Freda,Mitsubishi,6.0,13673,2025-03-08,82038.0
1260.0,Quill,Chevrolet,2.0,22925,,45850.0
1261.0,Englebert,Chevrolet,4.0,22354,2025-10-03,89416.0
505.0,Germain,Ford,2.0,22281,2025-02-09,44562.0
505.0,Lucy,Dodge,7.0,23656,2025-04-01,165592.0
1264.0,Martelle,Mitsubishi,4.0,29209,,116836.0
1265.0,Broddy,Ford,3.0,28797,2025-04-21,86391.0
1266.0,Heddie,Ford,5.0,28615,,143075.0
1267.0,Kimble,Mitsubishi,10.0,16156,2025-03-02,161560.0
1268.0,Corrie,Lincoln,4.0,27264,2025-09-26,109056.0
505.0,Florry,Ford,7.0,20295,2025-01-20,142065.0
1270.0,Ricardo,Volkswagen,8.0,10152,2025-02-21,81216.0
1271.0,Jameson,Pontiac,1.0,21832,,21832.0
1272.0,Anallise,Jeep,9.0,20008,2025-03-01,180072.0
505.0,Gus,Land Rover,9.0,24404,2025-01-16,219636.0
505.0,Hedvige,Dodge,8.0,21241,,169928.0
505.0,Carolin,Lincoln,1.0,17113,2025-05-14,17113.0
1276.0,Teresina,BMW,10.0,27834,2025-05-06,278340.0
505.0,Elfrida,Ford,1.0,22618,2025-08-08,22618.0
1278.0,Karena,Suzuki,2.0,18732,,37464.0
505.0,Homerus,Ford,10.0,24583,2025-03-07,245830.0
505.0,Maxie,Mercedes-Benz,2.0,24892,2025-05-09,49784.0
1281.0,Auria,Ford,7.0,13433,2025-06-15,94031.0
1282.0,Kaia,Chrysler,10.0,24610,2025-08-01,246100.0
1283.0,Anatola,Nissan,2.0,21450,2025-05-02,42900.0
1284.0,Larry,Ford,9.0,16509,2025-06-10,148581.0
1285.0,Doy,Ford,9.0,23149,2025-06-06,208341.0
505.0,Tan,Lexus,10.0,15555,,155550.0
1287.0,Genni,BMW,6.0,20061,,120366.0
505.0,Nicole,Ford,2.0,23976,2025-10-13,47952.0
1289.0,Donnie,Chevrolet,6.0,20970,,125820.0
1290.0,Joye,Mitsubishi,10.0,24163,2025-07-01,241630.0
1291.0,Gabe,Plymouth,7.0,25774,2025-05-21,180418.0
1292.0,Nial,Mercedes-Benz,3.0,11469,2025-04-10,34407.0
1293.0,Derk,Mazda,7.0,20349,2025-08-27,142443.0
1294.0,Hettie,Ford,6.0,25279,2025-07-21,151674.0
505.0,Colly,Mercury,7.0,17956,2025-01-06,125692.0
1296.0,Pete,Ford,6.0,26655,2025-08-20,159930.0
1297.0,Julian,Ford,3.0,20746,2025-09-05,62238.0
505.0,Zenia,Ford,5.0,12211,2025-03-28,61055.0
505.0,Gustavo,Audi,7.0,13660,2025-01-14,95620.0
1300.0,Thalia,Ford,10.0,27045,,270450.0
505.0,Jolee,Mazda,10.0,10806,2025-04-30,108060.0
505.0,Cullen,Toyota,10.0,14245,2025-07-27,142450.0
1303.0,Thomas,Ford,9.0,21933,2025-03-18,197397.0
1304.0,Elvera,Chevrolet,9.0,18170,2025-07-20,163530.0
505.0,Wally,Acura,6.0,26510,2025-05-20,159060.0
1306.0,Syman,Ford,5.0,22671,2025-02-19,113355.0
505.0,Lindsay,GMC,9.0,24731,2025-03-07,222579.0
1308.0,Claribel,Audi,1.0,11040,2025-09-04,11040.0
505.0,Ivie,Dodge,3.0,20416,2025-02-17,61248.0
1310.0,Kelley,Chevrolet,3.0,12233,,36699.0
1311.0,Dina,Pontiac,4.0,19599,2025-01-04,78396.0
1312.0,Kettie,Honda,7.0,21841,2025-03-18,152887.0
1313.0,Gilemette,GMC,7.0,21008,2025-07-05,147056.0
505.0,Julio,Mitsubishi,4.0,11613,,46452.0
1315.0,Tamera,Jeep,3.0,29681,2025-01-13,89043.0
1316.0,Fifi,Jeep,3.0,24051,2025-05-10,72153.0
1317.0,Giacinta,Ford,6.0,10394,,62364.0
1318.0,Timmy,Subaru,5.0,21375,,106875.0
505.0,Donnie,Ford,8.0,16072,,128576.0
505.0,Chelsey,Ford,4.0,10584,2025-07-03,42336.0
505.0,Pepita,Audi,6.0,26696,2025-10-10,160176.0
505.0,Addie,Lamborghini,2.0,15653,2025-02-05,31306.0
1323.0,Maris,Subaru,7.0,20935,2025-04-06,146545.0
1324.0,Lind,Saturn,10.0,20945,2025-02-11,209450.0
1325.0,Tallia,Ford,5.0,25138,2025-09-24,125690.0
1326.0,Lacie,Cadillac,10.0,12558,2025-01-26,125580.0
1327.0,Hobard,Acura,6.0,29017,,174102.0
505.0,Madelena,GMC,10.0,26402,2025-09-07,264020.0
505.0,Neal,Plymouth,8.0,29000,2025-03-01,232000.0
1330.0,Mikaela,Chevrolet,9.0,19875,,178875.0
1331.0,Jenny,Alfa Romeo,8.0,27096,2025-05-13,216768.0
505.0,Ellette,Lincoln,10.0,15540,2025-07-17,155400.0
1333.0,Rutledge,Ford,8.0,12679,2025-08-05,101432.0
505.0,Calv,Toyota,9.0,18998,,170982.0
1335.0,Maxine,Ford,7.0,27694,2025-06-30,193858.0
1336.0,Shannen,Eagle,7.0,29712,2025-03-25,207984.0
505.0,Darya,Geo,10.0,11964,2025-04-19,119640.0
1338.0,Remington,Volvo,7.0,23325,2025-08-28,163275.0
505.0,Chandler,Ford,10.0,14842,2025-05-22,148420.0
505.0,Care,Ford,4.0,28360,2025-10-20,113440.0
1341.0,Tiffi,Scion,7.0,26920,,188440.0
1342.0,Morgen,Hyundai,6.0,15170,,91020.0
1343.0,Lyman,Porsche,6.0,20038,2025-06-26,120228.0
1344.0,Culver,Pontiac,5.0,19474,,97370.0
1345.0,Ralina,Volvo,10.0,13257,2025-04-07,132570.0
1346.0,Fairleigh,Hyundai,1.0,13416,2025-10-02,13416.0
1347.0,Cecily,Jensen,2.0,22486,2025-09-12,44972.0
505.0,Babara,Toyota,9.0,29477,2025-09-04,265293.0
505.0,Waite,Volkswagen,9.0,12646,2025-05-23,113814.0
1350.0,Kaitlynn,Mazda,1.0,13079,2025-09-16,13079.0
1351.0,Shepperd,Chevrolet,9.0,11712,2025-07-15,105408.0
1352.0,Lacee,Kia,8.0,16794,2025-03-30,134352.0
1353.0,Starr,Kia,10.0,20572,,205720.0
505.0,Rockie,Kia,3.0,19905,2025-02-04,59715.0
1355.0,Aimil,Ford,5.0,29402,2025-05-26,147010.0
1356.0,Danielle,Ford,1.0,17409,2025-08-10,17409.0
505.0,Helaine,Hyundai,6.0,20072,2025-08-18,120432.0
1358.0,Boyce,Chevrolet,6.0,13569,2025-01-01,81414.0
1359.0,Hilliard,GMC,10.0,25023,,250230.0
505.0,Isabella,Oldsmobile,4.0,10545,2025-01-17,42180.0
505.0,Norina,GMC,7.0,24014,2025-02-01,168098.0
505.0,Angie,Ford,3.0,27119,2025-01-20,81357.0
1363.0,Kurt,Ford,3.0,16770,,50310.0
1364.0,Crosby,Ford,2.0,11666,2025-02-03,23332.0
505.0,Sauncho,Volvo,1.0,10399,2025-03-02,10399.0
1366.0,Eugene,Lincoln,2.0,11848,2025-03-19,23696.0
505.0,Ephrem,Mazda,1.0,19125,2025-02-14,19125.0
1368.0,Elbertine,Toyota,6.0,23714,2025-09-27,142284.0
1369.0,Valene,Buick,9.0,19112,2025-02-13,172008.0
505.0,Lenette,Lincoln,1.0,24262,2025-05-05,24262.0
505.0,Darb,Audi,4.0,24968,,99872.0
1372.0,Guthrey,Chevrolet,1.0,29879,2025-03-04,29879.0
1373.0,Iormina,Hummer,7.0,28626,2025-09-17,200382.0
1374.0,Dot,Honda,2.0,16776,2025-01-19,33552.0
1375.0,Izabel,Jeep,8.0,10772,,86176.0
505.0,Katerine,Isuzu,8.0,23701,2025-10-02,189608.0
1377.0,Kate,Infiniti,2.0,10885,2025-06-22,21770.0
505.0,Cordelia,Dodge,8.0,26953,2025-09-03,215624.0
1379.0,Nowell,Nissan,5.0,25679,,128395.0
1380.0,Ramsey,Chevrolet,8.0,17478,,139824.0
1381.0,Des,Audi,6.0,27402,,164412.0
505.0,Fitzgerald,Lincoln,2.0,11725,,23450.0
1383.0,Geneva,Ford,5.0,17466,2025-06-07,87330.0
1384.0,Ruy,Nissan,3.0,27801,,83403.0
1385.0,Mack,Buick,6.0,20662,,123972.0
1386.0,Anica,Porsche,7.0,28450,,199150.0
505.0,Janaye,Mazda,3.0,28839,,86517.0
505.0,Elva,Nissan,9.0,17421,2025-05-13,156789.0
1389.0,Gamaliel,Saab,6.0,29174,2025-04-21,175044.0
1390.0,Reid,Buick,4.0,26175,2025-02-14,104700.0
1391.0,Pancho,Pontiac,9.0,21824,,196416.0
505.0,Johannah,Ford,10.0,25824,2025-06-11,258240.0
1393.0,Osbourn,Lexus,9.0,14985,,134865.0
505.0,Kayle,Ford,3.0,17282,2025-06-15,51846.0
505.0,Rory,Ford,9.0,19281,,173529.0
505.0,Eddie,Ford,5.0,13570,,67850.0
1397.0,Vally,Chevrolet,8.0,19741,,157928.0
505.0,Warren,GMC,10.0,13735,2025-07-14,137350.0
1399.0,Devinne,Volvo,5.0,18934,2025-07-16,94670.0
1400.0,Friedrick,Dodge,10.0,25918,,259180.0
1401.0,Dario,Ford,4.0,14523,2025-04-21,58092.0
1402.0,Clio,Acura,6.0,19947,,119682.0
505.0,Sheela,Aston Martin,9.0,13066,2025-02-18,117594.0
505.0,Dacey,Mercury,5.0,12112,,60560.0
505.0,Germana,Porsche,3.0,16349,2025-09-14,49047.0
505.0,Kimbell,Pontiac,7.0,29001,,203007.0
1407.0,Gerard,Pontiac,7.0,20739,,145173.0
505.0,Jason,Dodge,5.0,21358,2025-04-30,106790.0
1409.0,Kala,Nissan,2.0,24703,2025-05-09,49406.0
505.0,Cynthia,Nissan,5.0,22304,,111520.0
1411.0,Ramsey,Ford,10.0,13769,2025-01-15,137690.0
1412.0,Keefer,Mercedes-Benz,5.0,13434,2025-07-04,67170.0
1413.0,Gunther,Mazda,9.0,29304,2025-10-07,263736.0
505.0,Yuma,Suzuki,9.0,24989,,224901.0
505.0,Molli,Lotus,4.0,23333,,93332.0
1416.0,Glynn,Dodge,10.0,14726,2025-09-13,147260.0
1417.0,Inglebert,Dodge,10.0,12157,,121570.0
505.0,Mada,Honda,8.0,12996,,103968.0
505.0,Jarib,Jaguar,1.0,14071,2025-10-07,14071.0
1420.0,Joye,Subaru,5.0,16614,2025-08-17,83070.0
1421.0,Sheffy,GMC,2.0,11457,2025-06-13,22914.0
1422.0,Gris,Nissan,8.0,17705,2025-01-13,141640.0
1423.0,Anderson,Audi,5.0,18096,2025-03-31,90480.0
1424.0,Kay,Buick,6.0,13905,2025-03-22,83430.0
1425.0,Hansiain,Plymouth,6.0,25667,2025-10-19,154002.0
1426.0,Natalie,Ford,7.0,22283,2025-01-30,155981.0
1427.0,Gibb,Chevrolet,9.0,12442,,111978.0
1428.0,Joana,Ford,2.0,11951,,23902.0
1429.0,Elnora,Lincoln,3.0,29512,2025-03-18,88536.0
1430.0,Fabio,Chevrolet,2.0,17590,,35180.0
505.0,Gerta,Mercedes-Benz,7.0,16809,,117663.0
1432.0,Kaela,Ford,3.0,26906,2025-02-10,80718.0
505.0,Jefferey,Suzuki,5.0,16221,,81105.0
1434.0,Florinda,Mercury,8.0,13116,2025-08-14,104928.0
1435.0,Syman,Ford,2.0,19839,,39678.0
1436.0,Lenore,GMC,4.0,21049,,84196.0
1437.0,Honor,Dodge,3.0,13536,,40608.0
1438.0,Teador,Buick,2.0,27795,,55590.0
505.0,Kial,Hyundai,3.0,11981,2025-06-29,35943.0
1440.0,Roxanne,BMW,8.0,26021,2025-03-02,208168.0
1441.0,Ely,Mitsubishi,6.0,14674,2025-06-12,88044.0
1442.0,Crawford,Jaguar,9.0,17475,2025-07-19,157275.0
1443.0,Myrtie,GMC,8.0,18146,2025-03-20,145168.0
1444.0,Ysabel,Cadillac,8.0,11176,,89408.0
505.0,Augustine,Chevrolet,10.0,17852,2025-07-17,178520.0
505.0,Robbyn,Toyota,6.0,16360,2025-02-15,98160.0
505.0,Jarrett,Mercedes-Benz,10.0,16152,,161520.0
1448.0,Hadria,Toyota,9.0,10775,,96975.0
505.0,Quillan,Pontiac,3.0,16230,2025-01-23,48690.0
1450.0,Yalonda,BMW,10.0,13779,,137790.0
1451.0,Fayre,Dodge,7.0,19803,,138621.0
1452.0,Susy,Ford,10.0,10303,,103030.0
505.0,Alice,Ford,5.0,21477,2025-02-19,107385.0
1454.0,Randolph,Chevrolet,1.0,11068,,11068.0
1455.0,Dewain,Mitsubishi,10.0,11982,,119820.0
505.0,Vanya,Mitsubishi,8.0,11913,,95304.0
1457.0,Nananne,GMC,3.0,29565,,88695.0
1458.0,Lonny,Audi,8.0,17364,2025-09-20,138912.0
1459.0,Franklin,Ford,1.0,27657,,27657.0
1460.0,Leola,Hyundai,6.0,28760,,172560.0
1461.0,Stormi,Chevrolet,5.0,18947,2025-09-12,94735.0
1462.0,Harrietta,Mazda,5.0,12325,2025-06-05,61625.0
505.0,Mab,Ford,2.0,15708,2025-06-18,31416.0
505.0,Barrett,Chevrolet,1.0,10292,,10292.0
505.0,Abra,Subaru,3.0,19071,2025-08-16,57213.0
1466.0,Caril,Chevrolet,10.0,26373,2025-04-07,263730.0
505.0,Jasen,Chevrolet,2.0,28562,,57124.0
1468.0,Arvy,Toyota,5.0,29917,,149585.0
1469.0,Alphonso,Suzuki,8.0,12587,,100696.0
1470.0,Reggi,Ford,7.0,29144,2025-10-15,204008.0
1471.0,Jermaine,Volkswagen,5.0,25322,2025-07-02,126610.0
505.0,Alfred,Mitsubishi,8.0,11913,2025-02-17,95304.0
1473.0,Martina,Pontiac,10.0,26198,,261980.0
1474.0,Delly,Mazda,9.0,15006,,135054.0
505.0,Jennine,Volkswagen,8.0,23764,2025-05-19,190112.0
505.0,Davida,Ford,10.0,19089,2025-03-03,190890.0
1477.0,Rriocard,Dodge,9.0,10900,2025-10-15,98100.0
1478.0,Joye,Volkswagen,9.0,29387,,264483.0
1479.0,Den,Pontiac,5.0,17056,2025-03-29,85280.0
1480.0,Molli,Mercedes-Benz,8.0,21236,,169888.0
1481.0,Roderigo,Cadillac,5.0,28815,2025-03-22,144075.0
505.0,Spike,Toyota,2.0,17967,2025-01-15,35934.0
1483.0,Wayne,Jeep,7.0,22554,2025-09-17,157878.0
1484.0,Bell,Porsche,10.0,23289,2025-09-30,232890.0
505.0,Morrie,Cadillac,1.0,26536,,26536.0
1486.0,Davon,Buick,10.0,21171,2025-10-06,211710.0
1487.0,Thedric,GMC,8.0,18593,2025-04-05,148744.0
505.0,Lindsay,Ford,10.0,15742,2025-06-23,157420.0
1489.0,Wyn,Chevrolet,5.0,29904,2025-01-09,149520.0
505.0,Kristen,Lincoln,4.0,20560,2025-07-01,82240.0
1491.0,Rene,Ford,5.0,14005,2025-03-17,70025.0
1492.0,Reece,Volkswagen,7.0,18586,,130102.0
1493.0,Codie,Volvo,1.0,16742,2025-10-18,16742.0
1494.0,Chas,Lexus,3.0,21837,,65511.0
1495.0,Micheil,Ford,6.0,23219,2025-03-08,139314.0
1496.0,Vince,Lamborghini,1.0,10404,2025-05-28,10404.0
1497.0,Mallory,Mercedes-Benz,2.0,15545,2025-03-10,31090.0
1498.0,Kissie,Ford,1.0,21543,2025-02-11,21543.0
1499.0,Em,Dodge,9.0,27136,,244224.0
1500.0,Amy,Ford,1.0,19786,2025-08-22,19786.0
1501.0,Nicoline,Dodge,2.0,25856,,51712.0
1502.0,Rosella,Jaguar,2.0,20953,2025-09-09,41906.0
1503.0,Ashley,Mercury,10.0,24960,2025-09-25,249600.0
1504.0,Wilmette,Oldsmobile,6.0,22305,2025-05-17,133830.0
1505.0,Allys,BMW,10.0,24347,,243470.0
1506.0,Dora,Mazda,5.0,12406,2025-06-07,62030.0
505.0,Carlin,Ford,7.0,22487,2025-06-24,157409.0
1508.0,Dieter,Ford,4.0,22523,2025-01-03,90092.0
505.0,Mandy,Ford,9.0,20540,2025-01-15,184860.0
1510.0,Mauricio,Mitsubishi,5.0,16962,2025-05-13,84810.0
505.0,Ileane,Buick,4.0,14223,2025-03-23,56892.0
505.0,Darcie,Mercedes-Benz,1.0,12872,2025-03-02,12872.0
1513.0,Myer,Honda,7.0,12372,,86604.0
1514.0,Megen,Ram,10.0,10445,,104450.0
505.0,Ivy,Audi,2.0,28351,2025-09-17,56702.0
1516.0,Lucina,Oldsmobile,9.0,10527,2025-06-12,94743.0
1517.0,Win,Mercury,10.0,28383,2025-09-22,283830.0
1518.0,Reinaldo,Ford,5.0,23326,2025-08-09,116630.0
505.0,Hilliary,Mercury,6.0,11666,2025-03-13,69996.0
1520.0,Consuela,Mitsubishi,3.0,21813,2025-03-20,65439.0
1521.0,Rance,Jaguar,5.0,12578,2025-04-03,62890.0
1522.0,Rochell,Honda,7.0,11775,2025-10-14,82425.0
1523.0,Lula,Oldsmobile,9.0,16549,2025-08-31,148941.0
1524.0,Maryann,Mercury,7.0,14688,2025-02-11,102816.0
505.0,Cairistiona,Jeep,1.0,27773,2025-04-24,27773.0
1526.0,Carissa,Chevrolet,2.0,19231,2025-07-02,38462.0
1527.0,Derril,Aston Martin,5.0,10424,2025-01-06,52120.0
505.0,Elvera,GMC,5.0,10689,,53445.0
1529.0,Sheffy,Ford,7.0,26121,,182847.0
1530.0,Jonathon,Lamborghini,9.0,27675,2025-05-20,249075.0
505.0,Thomasa,Ford,3.0,28647,2025-07-12,85941.0
1532.0,Jo,Honda,1.0,10065,2025-06-05,10065.0
505.0,Witty,Toyota,10.0,21884,,218840.0
1534.0,Eliza,Acura,10.0,19701,2025-07-21,197010.0
1535.0,Ignaz,Ford,10.0,23342,2025-07-25,233420.0
1536.0,Lorrin,Pontiac,8.0,29556,2025-03-03,236448.0
1537.0,Wesley,Mercury,4.0,24813,2025-02-21,99252.0
1538.0,Rosalynd,Audi,8.0,12430,,99440.0
1539.0,Jaquenetta,Mitsubishi,5.0,20378,2025-04-13,101890.0
1540.0,Susan,GMC,7.0,23930,2025-07-06,167510.0
1541.0,Rolfe,Chrysler,10.0,10258,,102580.0
1542.0,Celene,Mercury,8.0,10046,2025-10-16,80368.0
1543.0,Hilda,Mazda,7.0,11439,,80073.0
505.0,Jdavie,Porsche,10.0,18988,2025-05-22,189880.0
505.0,Danny,Pontiac,2.0,27911,2025-08-03,55822.0
505.0,Onida,GMC,4.0,27351,2025-01-06,109404.0
1547.0,Bartlett,Pontiac,3.0,16448,,49344.0
505.0,Carmine,Saab,9.0,10313,2025-09-17,92817.0
1549.0,Cynthea,Jeep,8.0,10842,2025-02-18,86736.0
1550.0,Jessalin,Mercury,3.0,17300,,51900.0
1551.0,Gerianne,Chevrolet,9.0,15782,2025-08-30,142038.0
1552.0,Meris,Chevrolet,1.0,17850,2025-01-17,17850.0
505.0,Arlan,BMW,8.0,18838,2025-07-18,150704.0
1554.0,Agnes,Mitsubishi,8.0,21125,2025-07-12,169000.0
1555.0,Bernie,Nissan,5.0,29712,2025-08-24,148560.0
1556.0,Graehme,Acura,4.0,15597,2025-02-07,62388.0
505.0,Jerrold,Ford,1.0,22584,2025-03-12,22584.0
1558.0,Agatha,Acura,6.0,10566,2025-09-21,63396.0
1559.0,Berny,Acura,4.0,15808,2025-08-12,63232.0
505.0,Kippy,Ford,5.0,16230,2025-08-21,81150.0
505.0,Hailey,Infiniti,1.0,25899,2025-10-15,25899.0
1562.0,Giacomo,Ford,7.0,13302,2025-08-09,93114.0
1563.0,Jackie,Volkswagen,5.0,23129,2025-09-24,115645.0
1564.0,Kendre,Chevrolet,7.0,11588,2025-09-17,81116.0
1565.0,Damita,Oldsmobile,10.0,16038,,160380.0
505.0,Filbert,Pontiac,4.0,25247,2025-09-28,100988.0
1567.0,Pebrook,Ford,2.0,19740,,39480.0
1568.0,Willy,Nissan,10.0,14431,,144310.0
1569.0,Kate,Land Rover,10.0,24940,2025-03-16,249400.0
505.0,Deeyn,Volkswagen,9.0,11745,2025-01-10,105705.0
505.0,Clarinda,Mercedes-Benz,10.0,18544,,185440.0
1572.0,Leland,Jaguar,7.0,22221,,155547.0
1573.0,Jere,Volvo,1.0,11250,2025-01-23,11250.0
505.0,Janaya,Cadillac,10.0,22937,,229370.0
1575.0,Madalyn,Pontiac,6.0,25622,2025-02-08,153732.0
505.0,Anabel,Suzuki,1.0,17927,,17927.0
1577.0,Hanan,Pontiac,3.0,19913,2025-02-06,59739.0
505.0,Adele,Kia,4.0,18488,,73952.0
505.0,Anissa,GMC,6.0,23149,2025-08-12,138894.0
1580.0,Sybila,Chevrolet,10.0,17973,2025-03-07,179730.0
1581.0,Tedie,Volvo,7.0,13850,2025-04-05,96950.0
505.0,Zoe,Dodge,3.0,18948,2025-05-19,56844.0
1583.0,Garwin,Lamborghini,1.0,12679,2025-03-05,12679.0
505.0,Cally,Mercury,1.0,14267,,14267.0
1585.0,Crawford,Mercury,10.0,24351,2025-09-25,243510.0
1586.0,Berkeley,Ford,3.0,14662,,43986.0
1587.0,Verney,Honda,4.0,28333,2025-04-26,113332.0
1588.0,Allan,Dodge,8.0,12897,,103176.0
1589.0,Andonis,Mazda,3.0,10518,,31554.0
1590.0,Gilbertine,GMC,3.0,15646,2025-03-07,46938.0
505.0,Kayley,Mazda,6.0,10456,,62736.0
1592.0,Tanitansy,Cadillac,10.0,22007,2025-06-23,220070.0
1593.0,Lauritz,Dodge,10.0,17581,2025-05-22,175810.0
505.0,Debbi,Nissan,4.0,15213,,60852.0
505.0,Lorelle,Audi,3.0,25487,2025-09-16,76461.0
1596.0,Celestyna,Mitsubishi,5.0,28376,2025-04-21,141880.0
1597.0,Odelle,Dodge,10.0,22353,,223530.0
1598.0,Shaylyn,Ford,8.0,14914,,119312.0
505.0,Elka,Ford,7.0,21039,2025-01-11,147273.0
1600.0,Filia,Mercedes-Benz,2.0,14104,2025-08-06,28208.0
