order_id,customer_name,product,quantity,unit_price,order_date,region,total_price
1.0,Linda,Isuzu,10.0,19410.0,2023-12-25,Tanzania,194100.0
505.0,Lynda,Lexus,2.0,20207.0,2023-06-13,Tanzania,40414.0
505.0,Emlyn,Chevrolet,10.0,20045.0,2023-08-17,Kenya,200450.0
4.0,Sheila,Volvo,10.0,20207.0,2023-02-26,Tanzania,202070.0
505.0,Elbert,Dodge,2.0,24052.0,2023-04-11,Uganda,48104.0
505.0,Krista,Toyota,17.0,14875.0,2023-07-14,Tanzania,252875.0
7.0,Eric,Toyota,16.0,12459.0,2023-01-18,Tanzania,199344.0
505.0,Peri,Oldsmobile,8.0,25149.0,2023-04-04,Tanzania,201192.0
9.0,Lawry,Ford,10.0,20207.0,2023-07-06,Tanzania,202070.0
505.0,Shaw,Ford,2.0,20207.0,2023-04-18,Tanzania,40414.0
11.0,Clement,Ford,7.0,27363.0,2023-10-02,Tanzania,191541.0
12.0,Kippie,Mercedes-Benz,14.0,13158.0,2023-01-24,Kenya,184212.0
505.0,Ina,Ford,14.0,25793.0,2023-08-30,Tanzania,361102.0
14.0,Malina,Toyota,10.0,13235.0,2023-10-24,Tanzania,132350.0
15.0,Jarrett,Buick,17.0,26346.0,2023-07-16,Kenya,447882.0
16.0,Joyous,Ford,8.0,10407.0,2023-08-31,Kenya,83256.0
505.0,Alfy,Toyota,10.0,17817.0,2023-09-09,Tanzania,178170.0
505.0,Camile,Mitsubishi,10.0,23233.0,2023-12-13,Tanzania,232330.0
505.0,Aurie,Ford,10.0,25899.0,2023-11-29,Tanzania,258990.0
20.0,Florian,Mercedes-Benz,10.0,25424.0,2023-09-13,Tanzania,254240.0
505.0,Sheryl,Jeep,14.0,25117.0,2023-06-05,Tanzania,351638.0
22.0,Sorcha,Dodge,10.0,16999.0,2023-10-27,Tanzania,169990.0
505.0,Burk,Ford,10.0,11484.0,2023-05-09,Tanzania,114840.0
505.0,Ahmed,Dodge,7.0,19030.0,2023-08-25,Uganda,133210.0
25.0,Livy,Subaru,12.0,20193.0,2023-07-19,Tanzania,242316.0
505.0,Bree,Ford,10.0,20207.0,2023-09-09,Kenya,202070.0
27.0,Ardella,BMW,10.0,19470.0,2023-06-06,Uganda,194700.0
28.0,Catharina,Dodge,13.0,29332.0,2023-01-26,Tanzania,381316.0
29.0,Emlen,Land Rover,10.0,10872.0,2023-09-07,Tanzania,108720.0
30.0,Sofie,Jeep,10.0,19849.0,2023-01-22,Tanzania,198490.0
31.0,Leonardo,Mitsubishi,10.0,11703.0,2023-09-12,Kenya,117030.0
32.0,Clayton,Jeep,18.0,27187.0,2023-09-02,Tanzania,489366.0
33.0,Constantin,GMC,7.0,23080.0,2023-09-12,Uganda,161560.0
34.0,Goldina,Ford,10.0,10438.0,2023-03-19,Kenya,104380.0
505.0,Cart,Subaru,11.0,24559.0,2023-01-06,Kenya,270149.0
36.0,Adriane,Nissan,16.0,19278.0,2023-06-14,Uganda,308448.0
505.0,Udale,Ford,8.0,26073.0,2023-11-16,Uganda,208584.0
38.0,Hube,Audi,8.0,10687.0,2023-09-21,Tanzania,85496.0
505.0,Mort,Hummer,14.0,25367.0,2023-10-30,Tanzania,355138.0
505.0,Klaus,Isuzu,18.0,10275.0,2023-06-11,Uganda,184950.0
505.0,Magdalene,Mercury,10.0,20207.0,2023-09-18,Tanzania,202070.0
42.0,Sanson,Chevrolet,10.0,22517.0,2023-11-28,Tanzania,225170.0
505.0,Allix,Chevrolet,20.0,20207.0,2023-08-26,Tanzania,404140.0
505.0,Dana,Chevrolet,9.0,21541.0,2023-04-20,Kenya,193869.0
505.0,Aguie,Ford,9.0,20207.0,2023-07-02,Tanzania,181863.0
46.0,Orazio,Chevrolet,19.0,12782.0,2023-09-23,Tanzania,242858.0
47.0,Raimundo,GMC,15.0,27479.0,2023-01-17,Kenya,412185.0
48.0,Rodney,Ford,7.0,20207.0,2023-07-17,Uganda,141449.0
49.0,Corney,Kia,11.0,20207.0,2023-03-08,Tanzania,222277.0
505.0,Kirbie,Volvo,9.0,20207.0,2023-10-17,Tanzania,181863.0
51.0,Caye,Volkswagen,8.0,12474.0,2023-12-09,Uganda,99792.0
505.0,Jewel,GMC,7.0,19578.0,2023-08-23,Uganda,137046.0
53.0,Kathlin,Ford,10.0,11454.0,2023-09-14,Kenya,114540.0
54.0,Meta,Toyota,10.0,15311.0,2023-06-28,Tanzania,153110.0
55.0,Fawne,Dodge,10.0,13830.0,2023-06-26,Tanzania,138300.0
505.0,Gaston,Lexus,6.0,16297.0,2023-10-28,Uganda,97782.0
57.0,Waverly,Acura,19.0,24715.0,2023-06-16,Tanzania,469585.0
505.0,Jillie,Nissan,17.0,10933.0,2023-12-25,Tanzania,185861.0
59.0,Midge,Lexus,13.0,19008.0,2023-10-08,Uganda,247104.0
60.0,Nerte,Pontiac,10.0,14112.0,2023-05-05,Uganda,141120.0
61.0,Damara,Ford,8.0,16783.0,2023-10-07,Uganda,134264.0
505.0,Jeremiah,Pontiac,10.0,20207.0,2023-11-16,Uganda,202070.0
63.0,Delaney,Ford,10.0,18197.0,2023-10-12,Tanzania,181970.0
64.0,Christa,Toyota,2.0,28496.0,2023-01-23,Tanzania,56992.0
505.0,Odetta,Lincoln,10.0,23108.0,2023-09-23,Tanzania,231080.0
66.0,Chrissie,Pontiac,3.0,20207.0,2023-04-06,Tanzania,60621.0
67.0,Colver,Mazda,18.0,20207.0,2023-11-07,Tanzania,363726.0
68.0,Petr,MINI,19.0,23952.0,2023-09-18,Tanzania,455088.0
69.0,Renee,Porsche,10.0,12763.0,2023-06-24,Uganda,127630.0
70.0,Emanuel,Mercury,10.0,20207.0,2023-12-04,Kenya,202070.0
71.0,Orel,Porsche,10.0,15063.0,2023-04-01,Tanzania,150630.0
72.0,Seamus,Mercedes-Benz,15.0,16109.0,2023-11-02,Uganda,241635.0
73.0,Maggee,Ford,7.0,21047.0,2023-04-28,Tanzania,147329.0
74.0,Eldon,Ford,8.0,22882.0,2023-03-16,Uganda,183056.0
75.0,Kimberli,Ford,10.0,20207.0,2023-02-07,Tanzania,202070.0
76.0,Lanni,CitroÃ«n,4.0,22160.0,2023-05-06,Tanzania,88640.0
77.0,Kristi,Land Rover,20.0,24456.0,2023-05-03,Tanzania,489120.0
78.0,Jocelin,Jaguar,10.0,20207.0,2023-02-02,Tanzania,202070.0
505.0,Bartholomeus,Chevrolet,10.0,17545.0,2023-01-17,Uganda,175450.0
80.0,Jenn,Isuzu,3.0,20207.0,2023-08-18,Tanzania,60621.0
81.0,Gun,Audi,19.0,25271.0,2023-06-30,Tanzania,480149.0
505.0,Teddie,Pontiac,7.0,25795.0,2023-03-31,Kenya,180565.0
83.0,Daryl,Pontiac,10.0,19258.0,2023-01-13,Tanzania,192580.0
84.0,Avie,Plymouth,10.0,28998.0,2023-02-16,Tanzania,289980.0
85.0,Kare,Dodge,10.0,28443.0,2023-03-25,Kenya,284430.0
86.0,Flory,Lexus,11.0,20207.0,2023-11-17,Tanzania,222277.0
87.0,Meredeth,Ford,8.0,19689.0,2023-10-20,Tanzania,157512.0
88.0,Nathanil,Audi,1.0,18616.0,2023-10-29,Tanzania,18616.0
505.0,Gerry,Subaru,7.0,28918.0,2023-07-10,Tanzania,202426.0
90.0,Floria,Chevrolet,10.0,18182.0,2023-01-03,Tanzania,181820.0
505.0,Nathan,GMC,15.0,22310.0,2023-12-31,Tanzania,334650.0
92.0,Constantino,Ford,10.0,23278.0,2023-10-19,Tanzania,232780.0
93.0,Donetta,Ford,17.0,28543.0,2023-01-08,Tanzania,485231.0
94.0,Jaquelyn,Cadillac,6.0,19482.0,2023-07-13,Tanzania,116892.0
95.0,Susie,Ford,20.0,20207.0,2023-03-01,Uganda,404140.0
96.0,Maurits,Mercury,10.0,21929.0,2023-04-06,Kenya,219290.0
97.0,Konstance,Pontiac,15.0,26547.0,2023-07-04,Kenya,398205.0
98.0,Lesly,Chevrolet,5.0,19022.0,2023-02-05,Tanzania,95110.0
505.0,Cris,Toyota,3.0,15900.0,2023-09-09,Kenya,47700.0
505.0,Louis,Plymouth,10.0,20207.0,2023-08-23,Tanzania,202070.0
101.0,Natty,Mercury,10.0,13307.0,2023-06-29,Tanzania,133070.0
102.0,Omar,GMC,10.0,18559.0,2023-10-11,Tanzania,185590.0
103.0,Kessiah,Dodge,10.0,17939.0,2023-12-22,Kenya,179390.0
104.0,Anton,Chevrolet,10.0,20207.0,2023-04-05,Uganda,202070.0
105.0,Angie,Ford,20.0,20207.0,2023-05-04,Uganda,404140.0
106.0,Lyle,Porsche,10.0,27075.0,2023-10-03,Kenya,270750.0
505.0,Alysia,Ford,10.0,26031.0,2023-05-11,Tanzania,260310.0
108.0,Wendel,Ford,18.0,16795.0,2023-12-13,Kenya,302310.0
109.0,Helenka,Ford,10.0,13109.0,2023-10-24,Tanzania,131090.0
110.0,Riki,Ford,4.0,21545.0,2023-11-10,Uganda,86180.0
111.0,Sheila,Mazda,7.0,11520.0,2023-10-31,Tanzania,80640.0
505.0,Rozele,Ford,7.0,20207.0,2023-01-10,Tanzania,141449.0
505.0,Boote,Infiniti,10.0,13491.0,2023-01-17,Tanzania,134910.0
505.0,Tootsie,GMC,10.0,15342.0,2023-05-24,Uganda,153420.0
115.0,Mavra,Chevrolet,10.0,21438.0,2023-04-01,Tanzania,214380.0
116.0,Jenny,Ford,10.0,11587.0,2023-07-02,Tanzania,115870.0
117.0,Dionisio,Ford,10.0,12135.0,2023-07-27,Tanzania,121350.0
118.0,Umeko,Land Rover,10.0,20207.0,2023-02-21,Tanzania,202070.0
119.0,Halsey,Dodge,10.0,25190.0,2023-05-20,Tanzania,251900.0
505.0,Allen,Mercedes-Benz,10.0,17375.0,2023-06-04,Uganda,173750.0
121.0,Sophey,Lexus,10.0,15959.0,2023-07-25,Tanzania,159590.0
505.0,Kalila,Ford,1.0,20207.0,2023-12-30,Tanzania,20207.0
123.0,Staffard,Toyota,1.0,14802.0,2023-05-01,Tanzania,14802.0
124.0,Bram,Subaru,12.0,29044.0,2023-07-28,Uganda,348528.0
125.0,Glen,Chevrolet,10.0,27286.0,2023-08-21,Tanzania,272860.0
126.0,Jourdain,Dodge,20.0,20469.0,2023-09-18,Tanzania,409380.0
505.0,Barris,Infiniti,7.0,13624.0,2023-10-21,Tanzania,95368.0
128.0,Adi,Pontiac,6.0,25374.0,2023-03-06,Tanzania,152244.0
129.0,Ingeberg,Ford,2.0,20797.0,2023-10-30,Tanzania,41594.0
130.0,Joseito,Toyota,10.0,17811.0,2023-01-30,Tanzania,178110.0
131.0,Trula,Chrysler,6.0,29655.0,2023-01-18,Tanzania,177930.0
132.0,Wyn,Ford,2.0,14871.0,2023-08-09,Tanzania,29742.0
133.0,Effie,Chevrolet,10.0,28769.0,2023-05-13,Kenya,287690.0
134.0,Carline,Honda,16.0,14165.0,2023-01-24,Tanzania,226640.0
505.0,Lonna,Chrysler,18.0,25064.0,2023-02-18,Tanzania,451152.0
136.0,Moyra,Ford,18.0,25732.0,2023-03-05,Tanzania,463176.0
137.0,Dolli,Chevrolet,10.0,29429.0,2023-01-10,Tanzania,294290.0
138.0,Raffaello,Toyota,10.0,29552.0,2023-08-16,Tanzania,295520.0
139.0,Farah,Saturn,10.0,14826.0,2023-07-18,Kenya,148260.0
505.0,Suzanna,Volkswagen,10.0,14156.0,2023-11-18,Uganda,141560.0
141.0,Petey,Acura,6.0,18368.0,2023-05-01,Tanzania,110208.0
142.0,Lucias,Ford,2.0,21700.0,2023-03-21,Kenya,43400.0
143.0,Antonella,Hyundai,14.0,17764.0,2023-07-24,Uganda,248696.0
144.0,Rickey,Ford,10.0,20207.0,2023-05-27,Uganda,202070.0
145.0,Neils,Pontiac,10.0,14802.0,2023-06-30,Kenya,148020.0
146.0,Jere,Hyundai,17.0,20207.0,2023-02-28,Tanzania,343519.0
147.0,Minny,Plymouth,10.0,20207.0,2023-01-03,Uganda,202070.0
148.0,Thomasina,Toyota,12.0,23000.0,2023-10-29,Uganda,276000.0
149.0,Mathe,Audi,10.0,13264.0,2023-11-11,Tanzania,132640.0
150.0,Arlena,Ford,8.0,20207.0,2023-07-08,Tanzania,161656.0
151.0,Immanuel,Isuzu,10.0,10309.0,2023-07-09,Tanzania,103090.0
152.0,Myrtie,Ford,5.0,20207.0,2023-06-03,Tanzania,101035.0
505.0,Nanci,Ford,10.0,11145.0,2023-07-29,Kenya,111450.0
154.0,Mitch,Mitsubishi,6.0,21971.0,2023-09-16,Tanzania,131826.0
505.0,Nicol,Ford,10.0,29711.0,2023-07-10,Tanzania,297110.0
505.0,Arlan,Mitsubishi,10.0,20207.0,2023-03-20,Uganda,202070.0
157.0,Abdel,Pontiac,4.0,21219.0,2023-10-16,Tanzania,84876.0
158.0,Emelda,Ford,10.0,26136.0,2023-12-17,Tanzania,261360.0
159.0,Morgan,Mitsubishi,10.0,27992.0,2023-11-19,Tanzania,279920.0
160.0,Kingsly,Ford,4.0,20207.0,2023-06-02,Uganda,80828.0
161.0,Patty,Ford,10.0,20207.0,2023-04-16,Tanzania,202070.0
162.0,Sena,Buick,7.0,15720.0,2023-08-11,Tanzania,110040.0
163.0,Cissy,Ford,14.0,20207.0,2023-08-20,Kenya,282898.0
164.0,Garrik,Toyota,17.0,20207.0,2023-08-23,Tanzania,343519.0
165.0,Pierson,Mazda,10.0,22968.0,2023-09-03,Uganda,229680.0
166.0,Jere,Ford,16.0,24253.0,2023-05-09,Tanzania,388048.0
167.0,Monro,Mazda,10.0,19492.0,2023-10-23,Tanzania,194920.0
505.0,Olva,Dodge,1.0,19670.0,2023-06-26,Tanzania,19670.0
169.0,Sella,Chevrolet,14.0,10232.0,2023-12-21,Tanzania,143248.0
170.0,Keelia,Dodge,11.0,14625.0,2023-01-01,Tanzania,160875.0
171.0,Ellsworth,Ford,16.0,20207.0,2023-08-15,Tanzania,323312.0
172.0,Olag,Maybach,10.0,19193.0,2023-06-03,Uganda,191930.0
173.0,Jedidiah,Ford,5.0,28999.0,2023-12-18,Tanzania,144995.0
505.0,Olwen,Ford,7.0,18089.0,2023-01-08,Tanzania,126623.0
175.0,Leandra,Ram,10.0,20207.0,2023-10-08,Tanzania,202070.0
176.0,Latrina,Ford,19.0,28399.0,2023-04-14,Kenya,539581.0
177.0,Calypso,Ford,20.0,29258.0,2023-10-14,Uganda,585160.0
178.0,Selena,Mazda,3.0,20207.0,2023-07-08,Tanzania,60621.0
179.0,Rollin,Lexus,10.0,28401.0,2023-08-09,Kenya,284010.0
180.0,Dorothea,Ford,10.0,20653.0,2023-09-19,Tanzania,206530.0
181.0,Frasco,Lotus,14.0,20207.0,2023-03-17,Tanzania,282898.0
182.0,Conny,BMW,10.0,20207.0,2023-12-30,Kenya,202070.0
183.0,Fredek,Cadillac,10.0,20207.0,2023-09-15,Kenya,202070.0
505.0,Darrin,Ford,10.0,20569.0,2023-06-20,Kenya,205690.0
185.0,Rey,Chevrolet,16.0,12856.0,2023-10-16,Uganda,205696.0
186.0,Weidar,Lexus,10.0,27433.0,2023-04-28,Tanzania,274330.0
187.0,Jacques,Ford,10.0,20207.0,2023-10-29,Uganda,202070.0
505.0,Alic,Lincoln,10.0,17919.0,2023-02-14,Tanzania,179190.0
505.0,Merle,Honda,10.0,18076.0,2023-01-01,Uganda,180760.0
190.0,Annis,Volvo,6.0,17338.0,2023-12-23,Kenya,104028.0
191.0,Roxanna,Volkswagen,6.0,26739.0,2023-10-05,Tanzania,160434.0
192.0,Emmie,GMC,15.0,25573.0,2023-01-07,Tanzania,383595.0
193.0,Solomon,Mazda,15.0,19959.0,2023-06-28,Tanzania,299385.0
505.0,Gerda,Chevrolet,9.0,23944.0,2023-02-19,Tanzania,215496.0
195.0,Guglielma,Ford,1.0,25242.0,2023-03-27,Tanzania,25242.0
196.0,Laurice,Ford,9.0,20207.0,2023-01-14,Tanzania,181863.0
197.0,Tyler,Volkswagen,10.0,24463.0,2023-11-11,Tanzania,244630.0
198.0,Nancie,Toyota,10.0,24674.0,2023-03-31,Kenya,246740.0
199.0,Yard,Lexus,10.0,14282.0,2023-07-18,Tanzania,142820.0
505.0,Modesty,Porsche,15.0,18533.0,2023-08-29,Kenya,277995.0
201.0,Hermione,Ford,12.0,10298.0,2023-05-05,Tanzania,123576.0
202.0,Mateo,Chevrolet,10.0,26029.0,2023-12-19,Tanzania,260290.0
203.0,Nicolai,Ford,10.0,18729.0,2023-04-27,Kenya,187290.0
204.0,Ceil,Chevrolet,8.0,16349.0,2023-05-20,Tanzania,130792.0
505.0,Lu,Mercedes-Benz,9.0,20207.0,2023-07-20,Tanzania,181863.0
505.0,Ewen,Mercedes-Benz,10.0,24623.0,2023-12-10,Uganda,246230.0
207.0,Selig,Pontiac,4.0,14578.0,2023-07-11,Tanzania,58312.0
208.0,Micheal,BMW,10.0,21043.0,2023-08-23,Uganda,210430.0
209.0,Beryl,Isuzu,10.0,19175.0,2023-02-04,Tanzania,191750.0
210.0,Barton,Mercedes-Benz,10.0,15885.0,2023-11-26,Tanzania,158850.0
211.0,Jolie,Chevrolet,12.0,28552.0,2023-09-20,Kenya,342624.0
212.0,Juana,BMW,1.0,15731.0,2023-03-23,Tanzania,15731.0
213.0,Zechariah,Ford,11.0,25543.0,2023-08-23,Uganda,280973.0
214.0,Olav,Cadillac,10.0,20207.0,2023-03-12,Kenya,202070.0
215.0,Melissa,Saab,10.0,16898.0,2023-05-16,Tanzania,168980.0
216.0,Gawen,Ford,10.0,16383.0,2023-05-22,Tanzania,163830.0
217.0,Cherilyn,Pontiac,2.0,23247.0,2023-01-28,Tanzania,46494.0
505.0,Reta,Ford,10.0,22093.0,2023-03-20,Uganda,220930.0
505.0,Yehudit,Ford,9.0,19664.0,2023-06-28,Tanzania,176976.0
220.0,Conant,Subaru,15.0,23823.0,2023-03-08,Tanzania,357345.0
221.0,Yulma,Acura,10.0,13018.0,2023-07-05,Tanzania,130180.0
222.0,Andrej,Buick,1.0,20207.0,2023-11-10,Tanzania,20207.0
223.0,Nels,Isuzu,2.0,20207.0,2023-12-26,Tanzania,40414.0
224.0,Arlana,Cadillac,7.0,11932.0,2023-05-04,Tanzania,83524.0
225.0,Liam,Eagle,10.0,15882.0,2023-05-02,Kenya,158820.0
505.0,Dianne,Mitsubishi,11.0,14372.0,2023-07-12,Uganda,158092.0
227.0,Bethanne,Mercury,15.0,29158.0,2023-04-20,Tanzania,437370.0
228.0,Allx,Volvo,13.0,20207.0,2023-11-15,Tanzania,262691.0
229.0,Gabi,Lexus,6.0,21309.0,2023-06-08,Tanzania,127854.0
505.0,Mavis,Honda,10.0,20207.0,2023-04-20,Tanzania,202070.0
505.0,Oralle,Ford,10.0,21410.0,2023-09-09,Tanzania,214100.0
232.0,Carmelia,Plymouth,16.0,20207.0,2023-02-04,Tanzania,323312.0
233.0,Karly,Honda,14.0,25311.0,2023-12-09,Tanzania,354354.0
505.0,Clarita,Mercury,10.0,13041.0,2023-09-10,Tanzania,130410.0
505.0,Micki,GMC,10.0,10884.0,2023-06-08,Kenya,108840.0
236.0,Nichol,Dodge,10.0,25430.0,2023-05-27,Kenya,254300.0
505.0,Shadow,Ford,10.0,19963.0,2023-10-25,Tanzania,199630.0
505.0,Mikol,Ford,10.0,23355.0,2023-09-16,Uganda,233550.0
239.0,Kore,Geo,10.0,20207.0,2023-04-22,Uganda,202070.0
240.0,Almeria,Bentley,10.0,15133.0,2023-01-16,Tanzania,151330.0
241.0,Gracia,Lexus,10.0,15274.0,2023-01-18,Tanzania,152740.0
242.0,Forrest,Ford,12.0,18217.0,2023-08-14,Tanzania,218604.0
243.0,Diandra,Pontiac,10.0,24829.0,2023-07-17,Tanzania,248290.0
244.0,Raoul,Ford,10.0,29443.0,2023-08-12,Uganda,294430.0
245.0,Arlin,Mitsubishi,10.0,20159.0,2023-09-22,Tanzania,201590.0
246.0,Ethelin,Toyota,10.0,20207.0,2023-05-21,Tanzania,202070.0
505.0,Chiquia,Chevrolet,18.0,19454.0,2023-11-04,Tanzania,350172.0
248.0,Nadine,Lincoln,10.0,19978.0,2023-05-15,Kenya,199780.0
249.0,Miriam,BMW,18.0,15901.0,2023-01-20,Uganda,286218.0
250.0,Aylmer,Volkswagen,9.0,13550.0,2023-04-13,Tanzania,121950.0
251.0,Gail,Infiniti,14.0,26145.0,2023-04-19,Kenya,366030.0
252.0,Colby,Ford,10.0,20207.0,2023-12-06,Kenya,202070.0
253.0,Georgi,Ford,10.0,17651.0,2023-12-03,Kenya,176510.0
505.0,Beau,Mazda,12.0,21332.0,2023-04-15,Tanzania,255984.0
255.0,Rora,Buick,18.0,11323.0,2023-09-24,Tanzania,203814.0
256.0,Koralle,Toyota,5.0,20207.0,2023-07-04,Kenya,101035.0
257.0,Alvis,Ford,10.0,29850.0,2023-03-29,Tanzania,298500.0
258.0,Adair,Dodge,16.0,20761.0,2023-09-13,Tanzania,332176.0
259.0,Damiano,Lexus,10.0,12623.0,2023-07-06,Kenya,126230.0
260.0,Maggie,Mercury,10.0,10872.0,2023-04-10,Tanzania,108720.0
505.0,Earl,Ford,10.0,20207.0,2023-06-24,Tanzania,202070.0
505.0,Mandel,Suzuki,13.0,21543.0,2023-12-14,Tanzania,280059.0
505.0,Cybill,Mazda,10.0,12903.0,2023-02-21,Tanzania,129030.0
264.0,Hope,Dodge,3.0,21906.0,2023-07-09,Tanzania,65718.0
505.0,Edik,Ford,2.0,20207.0,2023-03-07,Tanzania,40414.0
266.0,Wildon,Cadillac,7.0,20207.0,2023-07-31,Tanzania,141449.0
505.0,Wendeline,Jaguar,10.0,18519.0,2023-12-02,Kenya,185190.0
505.0,Dorothea,Ford,11.0,10449.0,2023-01-30,Tanzania,114939.0
269.0,Jackie,Mitsubishi,10.0,26192.0,2023-06-08,Kenya,261920.0
270.0,Danila,Ford,10.0,20207.0,2023-09-06,Tanzania,202070.0
271.0,Loutitia,Pontiac,18.0,22445.0,2023-01-01,Tanzania,404010.0
272.0,Ariel,Ford,10.0,25097.0,2023-05-20,Tanzania,250970.0
273.0,Kerrin,Mercedes-Benz,10.0,17109.0,2023-05-31,Tanzania,171090.0
274.0,Sasha,Oldsmobile,19.0,24268.0,2023-03-01,Kenya,461092.0
275.0,Justus,Ford,10.0,14001.0,2023-07-14,Uganda,140010.0
505.0,Graham,Ford,15.0,20207.0,2023-11-24,Tanzania,303105.0
277.0,Norean,Pontiac,14.0,24730.0,2023-02-03,Tanzania,346220.0
505.0,Xenia,GMC,3.0,24724.0,2023-04-15,Tanzania,74172.0
505.0,Mufinella,Oldsmobile,12.0,20207.0,2023-09-13,Kenya,242484.0
505.0,Paolo,Kia,16.0,19456.0,2023-05-06,Uganda,311296.0
281.0,Barney,Ford,1.0,13922.0,2023-08-29,Tanzania,13922.0
282.0,Merwyn,Saab,10.0,26407.0,2023-04-19,Tanzania,264070.0
283.0,Brooks,Cadillac,16.0,15637.0,2023-11-10,Uganda,250192.0
284.0,Lane,Toyota,14.0,26755.0,2023-09-12,Tanzania,374570.0
285.0,Lexi,Ford,19.0,27473.0,2023-08-06,Tanzania,521987.0
286.0,Kimmi,Volkswagen,10.0,20207.0,2023-03-23,Tanzania,202070.0
287.0,Deidre,BMW,11.0,20207.0,2023-04-05,Uganda,222277.0
288.0,Bennie,Nissan,13.0,18928.0,2023-09-19,Tanzania,246064.0
289.0,Masha,Jeep,10.0,23556.0,2023-05-14,Uganda,235560.0
290.0,Shawn,Ford,1.0,16047.0,2023-12-25,Tanzania,16047.0
291.0,Ashla,Lexus,4.0,11577.0,2023-08-29,Uganda,46308.0
505.0,Tabor,Ford,10.0,21214.0,2023-07-29,Tanzania,212140.0
293.0,Ciel,Ford,10.0,24223.0,2023-01-26,Tanzania,242230.0
294.0,Brocky,Honda,15.0,29711.0,2023-01-12,Tanzania,445665.0
505.0,Nathaniel,Volvo,3.0,10451.0,2023-04-09,Tanzania,31353.0
296.0,Emmi,Buick,10.0,21261.0,2023-08-31,Tanzania,212610.0
505.0,Lucie,Toyota,10.0,18697.0,2023-01-07,Tanzania,186970.0
298.0,Quintina,Ford,10.0,10256.0,2023-12-22,Uganda,102560.0
299.0,Meridel,Mercury,5.0,24233.0,2023-01-08,Tanzania,121165.0
300.0,Peggie,Buick,10.0,16989.0,2023-12-28,Kenya,169890.0
301.0,Maddie,Mercedes-Benz,10.0,10280.0,2023-11-22,Tanzania,102800.0
505.0,Rahel,Ford,5.0,20207.0,2023-10-21,Tanzania,101035.0
505.0,Cleon,Volkswagen,18.0,22790.0,2023-12-18,Tanzania,410220.0
304.0,Izaak,Mercury,5.0,12138.0,2023-04-21,Tanzania,60690.0
505.0,Janos,Lamborghini,10.0,28454.0,2023-04-21,Tanzania,284540.0
306.0,Dietrich,Audi,18.0,20207.0,2023-07-26,Tanzania,363726.0
307.0,Giovanna,Ford,10.0,20207.0,2023-03-20,Tanzania,202070.0
505.0,Kirk,Nissan,12.0,17803.0,2023-05-31,Uganda,213636.0
505.0,Sonnie,Kia,19.0,12630.0,2023-04-06,Tanzania,239970.0
310.0,Andie,Ford,5.0,20384.0,2023-12-31,Uganda,101920.0
311.0,Kerry,Audi,8.0,20207.0,2023-03-05,Uganda,161656.0
312.0,Gilbert,Infiniti,10.0,17585.0,2023-08-13,Uganda,175850.0
313.0,Murial,Ford,10.0,26207.0,2023-01-01,Kenya,262070.0
505.0,Kate,Mitsubishi,10.0,21836.0,2023-02-17,Uganda,218360.0
505.0,Hardy,Aston Martin,17.0,20733.0,2023-05-07,Tanzania,352461.0
505.0,Giles,Volkswagen,1.0,21401.0,2023-10-17,Tanzania,21401.0
317.0,Nanete,Ford,1.0,14334.0,2023-07-26,Tanzania,14334.0
318.0,Daren,Porsche,14.0,11632.0,2023-12-20,Kenya,162848.0
505.0,Morton,Ford,10.0,24559.0,2023-08-31,Tanzania,245590.0
320.0,Matty,Mazda,19.0,19477.0,2023-11-05,Kenya,370063.0
321.0,Delbert,Lexus,20.0,20207.0,2023-08-13,Tanzania,404140.0
322.0,Stefanie,Ford,10.0,20207.0,2023-01-10,Uganda,202070.0
323.0,Buffy,Acura,7.0,29386.0,2023-06-24,Tanzania,205702.0
324.0,Delmar,Toyota,10.0,28145.0,2023-03-04,Tanzania,281450.0
505.0,Shanda,Ford,10.0,22566.0,2023-01-16,Tanzania,225660.0
326.0,Vernor,Chevrolet,20.0,12483.0,2023-10-19,Tanzania,249660.0
327.0,Jerrie,Kia,16.0,21458.0,2023-07-02,Uganda,343328.0
505.0,Dinny,Cadillac,4.0,10908.0,2023-12-02,Kenya,43632.0
329.0,Kevan,BMW,10.0,19944.0,2023-11-12,Kenya,199440.0
505.0,Wes,Toyota,17.0,20207.0,2023-08-15,Uganda,343519.0
331.0,Amanda,Maserati,8.0,13032.0,2023-04-07,Uganda,104256.0
505.0,Lyndy,Lincoln,19.0,21650.0,2023-03-10,Tanzania,411350.0
505.0,Fredericka,Kia,5.0,12758.0,2023-07-25,Tanzania,63790.0
334.0,Skyler,Ford,9.0,27912.0,2023-12-29,Kenya,251208.0
335.0,Salvador,Ford,20.0,15729.0,2023-11-15,Tanzania,314580.0
336.0,Brocky,Volkswagen,10.0,22546.0,2023-04-19,Uganda,225460.0
505.0,Stormie,Cadillac,5.0,23056.0,2023-03-19,Kenya,115280.0
505.0,Hilde,Saturn,10.0,11659.0,2023-09-18,Tanzania,116590.0
339.0,Arlan,Ford,2.0,21457.0,2023-08-12,Tanzania,42914.0
340.0,Donnajean,Ford,7.0,26984.0,2023-06-26,Uganda,188888.0
341.0,Fayina,Ford,15.0,23565.0,2023-11-16,Uganda,353475.0
342.0,Eadmund,Mazda,10.0,25493.0,2023-11-16,Kenya,254930.0
343.0,Shayne,Land Rover,10.0,29411.0,2023-07-23,Uganda,294110.0
344.0,Denney,Pontiac,11.0,24347.0,2023-07-25,Uganda,267817.0
345.0,Aggy,Toyota,14.0,28747.0,2023-06-24,Tanzania,402458.0
346.0,Cayla,Mercury,18.0,20640.0,2023-04-25,Tanzania,371520.0
347.0,Idell,Kia,17.0,24394.0,2023-11-15,Kenya,414698.0
505.0,Dominik,Land Rover,10.0,20207.0,2023-09-19,Kenya,202070.0
505.0,Lazaro,Acura,11.0,20207.0,2023-02-22,Tanzania,222277.0
505.0,Cthrine,Ford,10.0,20207.0,2023-06-07,Tanzania,202070.0
351.0,Amory,Ford,10.0,26594.0,2023-08-05,Uganda,265940.0
352.0,Miquela,GMC,3.0,24533.0,2023-04-27,Tanzania,73599.0
505.0,Cullen,GMC,14.0,24889.0,2023-12-21,Uganda,348446.0
354.0,Blondell,Ford,14.0,28546.0,2023-10-13,Tanzania,399644.0
355.0,Pate,Cadillac,10.0,21206.0,2023-04-25,Uganda,212060.0
356.0,Amelina,Chevrolet,17.0,20207.0,2023-02-15,Tanzania,343519.0
357.0,Kamilah,Isuzu,8.0,20207.0,2023-06-25,Kenya,161656.0
505.0,Jareb,Suzuki,10.0,20207.0,2023-04-25,Uganda,202070.0
359.0,Rodolfo,Mercedes-Benz,7.0,27840.0,2023-07-20,Kenya,194880.0
505.0,Chrisse,Toyota,20.0,18704.0,2023-01-01,Uganda,374080.0
505.0,Gerty,GMC,10.0,28842.0,2023-03-28,Tanzania,288420.0
505.0,Agnes,Chevrolet,17.0,20207.0,2023-06-13,Tanzania,343519.0
363.0,Krystal,Kia,10.0,26261.0,2023-04-02,Kenya,262610.0
364.0,Quinn,Chevrolet,9.0,19767.0,2023-02-09,Tanzania,177903.0
365.0,Auberta,Pontiac,12.0,23955.0,2023-03-30,Tanzania,287460.0
366.0,Clarissa,Ford,2.0,25786.0,2023-10-04,Tanzania,51572.0
367.0,Drugi,Chevrolet,4.0,16551.0,2023-12-01,Tanzania,66204.0
368.0,Lyndell,Mercury,10.0,12031.0,2023-07-04,Tanzania,120310.0
505.0,Stace,Chevrolet,19.0,29308.0,2023-05-25,Tanzania,556852.0
370.0,Arte,Ford,12.0,10066.0,2023-02-05,Kenya,120792.0
505.0,Woodrow,Dodge,10.0,21170.0,2023-11-23,Uganda,211700.0
372.0,Virgilio,BMW,10.0,26378.0,2023-01-24,Tanzania,263780.0
373.0,Celine,Alfa Romeo,6.0,14763.0,2023-04-14,Tanzania,88578.0
505.0,Yancey,Ford,20.0,23122.0,2023-08-22,Uganda,462440.0
375.0,Renata,Jeep,13.0,16356.0,2023-05-14,Uganda,212628.0
505.0,Kally,Dodge,10.0,20207.0,2023-11-20,Tanzania,202070.0
377.0,Horst,BMW,10.0,15228.0,2023-06-04,Tanzania,152280.0
505.0,Earle,Ford,1.0,22946.0,2023-02-27,Tanzania,22946.0
505.0,Cherey,BMW,14.0,15112.0,2023-05-31,Kenya,211568.0
380.0,Hewet,Scion,10.0,20207.0,2023-07-27,Kenya,202070.0
381.0,Alverta,GMC,12.0,15727.0,2023-10-01,Uganda,188724.0
382.0,Auberta,Merkur,6.0,20676.0,2023-12-15,Tanzania,124056.0
383.0,Ottilie,Ford,20.0,13874.0,2023-10-25,Tanzania,277480.0
505.0,Murvyn,Mitsubishi,6.0,20207.0,2023-04-08,Tanzania,121242.0
385.0,Cortie,Dodge,10.0,14590.0,2023-12-04,Tanzania,145900.0
505.0,Damita,Ford,15.0,27495.0,2023-03-07,Tanzania,412425.0
387.0,Cherice,Buick,10.0,11527.0,2023-12-13,Tanzania,115270.0
388.0,Tessa,Ford,2.0,24416.0,2023-03-05,Tanzania,48832.0
389.0,Kristien,Mitsubishi,10.0,16179.0,2023-09-01,Tanzania,161790.0
390.0,Melvin,Ford,10.0,20207.0,2023-07-09,Kenya,202070.0
505.0,Jere,Ford,10.0,22323.0,2023-11-03,Tanzania,223230.0
505.0,Iggie,Ford,10.0,13090.0,2023-06-26,Tanzania,130900.0
505.0,Sibyl,Ford,20.0,11148.0,2023-02-05,Tanzania,222960.0
394.0,Cynthia,Acura,10.0,27116.0,2023-04-28,Tanzania,271160.0
505.0,Pierre,Lexus,10.0,20360.0,2023-11-26,Tanzania,203600.0
505.0,Kirstyn,Ford,20.0,20207.0,2023-04-26,Uganda,404140.0
397.0,Davey,BMW,10.0,20411.0,2023-12-09,Tanzania,204110.0
505.0,Aliza,Volkswagen,14.0,28133.0,2023-04-09,Tanzania,393862.0
399.0,Micheil,Mazda,8.0,14583.0,2023-12-21,Uganda,116664.0
505.0,Marcia,BMW,3.0,20207.0,2023-05-18,Tanzania,60621.0
401.0,Barthel,GMC,10.0,29463.0,2023-01-31,Tanzania,294630.0
402.0,Wilone,Dodge,9.0,24367.0,2023-03-26,Kenya,219303.0
505.0,Francisco,Nissan,19.0,14552.0,2023-07-09,Uganda,276488.0
404.0,Clair,Chrysler,10.0,23535.0,2023-11-10,Uganda,235350.0
405.0,Ker,Infiniti,10.0,27268.0,2023-07-17,Uganda,272680.0
505.0,Hazel,GMC,4.0,14355.0,2023-08-24,Tanzania,57420.0
407.0,Lizette,Kia,5.0,20207.0,2023-10-16,Uganda,101035.0
408.0,Vernice,Honda,10.0,13801.0,2023-12-10,Uganda,138010.0
409.0,Blithe,Ford,10.0,22338.0,2023-05-29,Tanzania,223380.0
505.0,Ibbie,Ford,13.0,24666.0,2023-06-07,Uganda,320658.0
411.0,Mikol,Toyota,19.0,17364.0,2023-05-10,Tanzania,329916.0
412.0,Aviva,Ford,10.0,21003.0,2023-02-13,Kenya,210030.0
413.0,Adriena,Mitsubishi,15.0,23689.0,2023-04-06,Tanzania,355335.0
414.0,Teddie,Lexus,9.0,29550.0,2023-06-09,Uganda,265950.0
415.0,Gabey,Jaguar,10.0,15020.0,2023-06-29,Tanzania,150200.0
416.0,Ursuline,Ford,18.0,13108.0,2023-02-27,Tanzania,235944.0
505.0,Maribel,Nissan,10.0,20207.0,2023-08-29,Kenya,202070.0
505.0,Garrot,GMC,3.0,26606.0,2023-12-27,Uganda,79818.0
419.0,Trescha,Suzuki,14.0,24547.0,2023-06-15,Tanzania,343658.0
420.0,Nathanael,Subaru,20.0,18970.0,2023-06-20,Uganda,379400.0
505.0,Viki,Buick,10.0,24426.0,2023-10-19,Kenya,244260.0
505.0,Ray,Ford,10.0,20207.0,2023-02-08,Uganda,202070.0
423.0,Lonnard,Plymouth,10.0,14828.0,2023-01-22,Tanzania,148280.0
424.0,Ines,Mitsubishi,1.0,14695.0,2023-06-18,Uganda,14695.0
505.0,Lyda,Audi,10.0,21893.0,2023-08-05,Kenya,218930.0
505.0,Merridie,Mercury,4.0,20774.0,2023-10-01,Tanzania,83096.0
427.0,Geraldine,Suzuki,17.0,13952.0,2023-09-01,Uganda,237184.0
428.0,Aggy,Ford,10.0,11985.0,2023-01-27,Tanzania,119850.0
429.0,Harmon,Acura,15.0,14482.0,2023-05-28,Uganda,217230.0
505.0,Wynn,MG,10.0,20186.0,2023-06-19,Tanzania,201860.0
431.0,Verna,Mazda,8.0,20207.0,2023-11-17,Kenya,161656.0
505.0,Cyrill,BMW,10.0,20207.0,2023-11-01,Tanzania,202070.0
433.0,Lisbeth,Ford,14.0,25965.0,2023-04-14,Uganda,363510.0
505.0,Harlan,Pontiac,11.0,24861.0,2023-08-08,Tanzania,273471.0
435.0,Jacquenette,Pontiac,18.0,20546.0,2023-01-01,Tanzania,369828.0
436.0,Zorana,Chevrolet,2.0,20090.0,2023-03-27,Tanzania,40180.0
505.0,Kimberlee,Ford,3.0,22232.0,2023-06-12,Tanzania,66696.0
438.0,Ingrid,GMC,10.0,10852.0,2023-06-06,Uganda,108520.0
505.0,Julianna,Lexus,10.0,23328.0,2023-01-09,Kenya,233280.0
440.0,Raynard,Ford,16.0,20207.0,2023-11-10,Tanzania,323312.0
505.0,Webb,Buick,10.0,26670.0,2023-09-08,Tanzania,266700.0
442.0,Marcella,GMC,10.0,19757.0,2023-06-10,Tanzania,197570.0
443.0,Ashley,Honda,10.0,20207.0,2023-11-01,Kenya,202070.0
505.0,Mead,Jeep,10.0,13670.0,2023-09-19,Tanzania,136700.0
505.0,Marlon,Ford,12.0,27332.0,2023-04-08,Tanzania,327984.0
505.0,Odelia,Ford,10.0,24727.0,2023-07-09,Tanzania,247270.0
447.0,Maddalena,Ford,13.0,16055.0,2023-08-11,Tanzania,208715.0
448.0,Bernette,Maybach,15.0,16969.0,2023-08-21,Tanzania,254535.0
505.0,Josee,Ford,4.0,15251.0,2023-05-16,Uganda,61004.0
505.0,Danita,Toyota,10.0,26148.0,2023-01-22,Tanzania,261480.0
451.0,Dame,Hyundai,10.0,24313.0,2023-01-01,Kenya,243130.0
452.0,Kristien,Mazda,11.0,20207.0,2023-11-01,Tanzania,222277.0
453.0,Flor,Acura,10.0,20199.0,2023-01-14,Tanzania,201990.0
454.0,Hamlin,Mitsubishi,7.0,20207.0,2023-02-01,Uganda,141449.0
455.0,Maurizia,Mercedes-Benz,1.0,25292.0,2023-02-26,Tanzania,25292.0
456.0,Ginnie,Lincoln,5.0,21037.0,2023-12-20,Tanzania,105185.0
457.0,Tymon,Ford,4.0,20859.0,2023-08-13,Tanzania,83436.0
458.0,Wilfred,Chevrolet,10.0,26000.0,2023-07-14,Tanzania,260000.0
459.0,Otto,Dodge,19.0,23245.0,2023-07-09,Kenya,441655.0
505.0,Ingaberg,Mitsubishi,10.0,26539.0,2023-02-14,Uganda,265390.0
461.0,Lynett,Ford,10.0,20207.0,2023-06-19,Tanzania,202070.0
505.0,Rhys,Ford,19.0,19579.0,2023-05-13,Tanzania,372001.0
463.0,Loretta,Nissan,18.0,24511.0,2023-12-07,Uganda,441198.0
464.0,Rayner,Lincoln,19.0,12603.0,2023-01-22,Tanzania,239457.0
505.0,Bennie,Ford,8.0,20207.0,2023-09-22,Uganda,161656.0
505.0,Keir,Mercedes-Benz,3.0,19280.0,2023-06-05,Kenya,57840.0
467.0,Annissa,Ford,10.0,12915.0,2023-09-05,Tanzania,129150.0
505.0,Kirby,Ford,10.0,28104.0,2023-04-11,Tanzania,281040.0
469.0,Loni,Lincoln,9.0,20207.0,2023-02-03,Tanzania,181863.0
470.0,Ulric,Maserati,4.0,20207.0,2023-09-11,Kenya,80828.0
505.0,Edythe,Chrysler,10.0,18389.0,2023-08-11,Kenya,183890.0
505.0,Carlotta,Mercedes-Benz,18.0,17551.0,2023-06-21,Uganda,315918.0
473.0,Cate,Dodge,10.0,22597.0,2023-11-06,Tanzania,225970.0
474.0,Caterina,Dodge,10.0,22679.0,2023-09-19,Uganda,226790.0
475.0,Conway,Suzuki,10.0,25431.0,2023-03-05,Tanzania,254310.0
505.0,Christoforo,Dodge,7.0,21232.0,2023-12-01,Tanzania,148624.0
477.0,Sutherlan,Land Rover,12.0,21433.0,2023-09-12,Tanzania,257196.0
505.0,Marvin,Chevrolet,19.0,21127.0,2023-06-02,Kenya,401413.0
479.0,Marge,Geo,2.0,26513.0,2023-03-30,Tanzania,53026.0
480.0,Conrade,Mercury,4.0,27662.0,2023-07-25,Uganda,110648.0
481.0,Davie,Lincoln,10.0,20207.0,2023-10-05,Kenya,202070.0
482.0,Roxine,Ferrari,11.0,10035.0,2023-07-20,Tanzania,110385.0
483.0,Pansie,Volvo,10.0,20207.0,2023-08-24,Tanzania,202070.0
505.0,Franklin,Dodge,18.0,27517.0,2023-02-07,Kenya,495306.0
505.0,Bronny,Lexus,10.0,20207.0,2023-09-11,Tanzania,202070.0
486.0,Meg,Ford,10.0,12810.0,2023-11-01,Kenya,128100.0
487.0,Rani,Ford,10.0,20207.0,2023-01-04,Tanzania,202070.0
505.0,Chane,Nissan,10.0,25323.0,2023-11-08,Tanzania,253230.0
505.0,Cristal,Mitsubishi,9.0,25464.0,2023-02-11,Kenya,229176.0
505.0,Maxie,Oldsmobile,1.0,13686.0,2023-10-04,Tanzania,13686.0
491.0,Barbe,Suzuki,10.0,11068.0,2023-10-04,Tanzania,110680.0
492.0,Gilligan,Chevrolet,10.0,20207.0,2023-05-05,Tanzania,202070.0
493.0,Ashlee,Acura,6.0,21837.0,2023-12-20,Tanzania,131022.0
494.0,Padget,Ford,8.0,18688.0,2023-02-06,Kenya,149504.0
505.0,Ray,Ford,10.0,15372.0,2023-09-08,Tanzania,153720.0
505.0,Faun,Mazda,18.0,16485.0,2023-07-13,Tanzania,296730.0
497.0,Denice,Ford,8.0,20216.0,2023-03-07,Tanzania,161728.0
498.0,Aristotle,BMW,18.0,20207.0,2023-08-07,Tanzania,363726.0
505.0,Arri,Ford,10.0,23264.0,2023-07-16,Uganda,232640.0
505.0,Riobard,Ford,12.0,24355.0,2023-10-08,Kenya,292260.0
505.0,Marla,Lotus,3.0,10809.0,2023-07-02,Kenya,32427.0
502.0,Susann,Toyota,10.0,17871.0,2023-11-21,Tanzania,178710.0
503.0,Zoe,Plymouth,5.0,21739.0,2023-05-20,Tanzania,108695.0
504.0,Marc,Honda,10.0,23058.0,2023-06-10,Kenya,230580.0
505.0,Thaxter,Mazda,10.0,24683.0,2023-09-13,Tanzania,246830.0
506.0,Kerwin,Honda,4.0,24620.0,2023-11-30,Tanzania,98480.0
505.0,Padriac,Ford,10.0,24594.0,2023-11-19,Uganda,245940.0
505.0,Kai,Dodge,7.0,11778.0,2023-08-29,Tanzania,82446.0
509.0,Ursulina,Dodge,10.0,20207.0,2023-01-07,Tanzania,202070.0
510.0,Anna,Mitsubishi,11.0,17817.0,2023-04-05,Tanzania,195987.0
511.0,Tatiana,Ford,10.0,14350.0,2023-08-15,Tanzania,143500.0
512.0,Trixy,Hyundai,10.0,20207.0,2023-05-09,Kenya,202070.0
505.0,Yancey,Ford,10.0,20207.0,2023-01-04,Uganda,202070.0
505.0,Curtice,Mercedes-Benz,12.0,20207.0,2023-07-18,Kenya,242484.0
515.0,Nathanael,Infiniti,4.0,23552.0,2023-08-18,Kenya,94208.0
516.0,Skippy,Isuzu,19.0,10626.0,2023-12-14,Kenya,201894.0
505.0,Alanson,Mitsubishi,10.0,21684.0,2023-01-23,Uganda,216840.0
518.0,Sergei,Lotus,20.0,16774.0,2023-06-19,Tanzania,335480.0
519.0,Karlotta,Ford,9.0,16267.0,2023-05-24,Tanzania,146403.0
505.0,Camellia,Mitsubishi,10.0,15433.0,2023-11-21,Kenya,154330.0
521.0,Elly,Mercury,10.0,15472.0,2023-08-07,Tanzania,154720.0
522.0,Sydney,Ford,10.0,15255.0,2023-09-24,Tanzania,152550.0
523.0,Benoit,Ford,10.0,11556.0,2023-11-17,Kenya,115560.0
524.0,Freda,Ford,18.0,12024.0,2023-04-27,Kenya,216432.0
525.0,Cherise,Ford,10.0,21948.0,2023-04-15,Tanzania,219480.0
526.0,Nina,Ford,10.0,15136.0,2023-12-15,Kenya,151360.0
527.0,Huntlee,Toyota,9.0,20637.0,2023-04-06,Tanzania,185733.0
528.0,Dewie,Ford,10.0,20207.0,2023-05-30,Tanzania,202070.0
505.0,Sile,Ford,10.0,29463.0,2023-02-19,Tanzania,294630.0
530.0,Jakob,Toyota,10.0,20207.0,2023-01-04,Tanzania,202070.0
531.0,Xylia,Ford,10.0,15028.0,2023-09-23,Kenya,150280.0
505.0,Francoise,Ford,10.0,15010.0,2023-05-30,Uganda,150100.0
505.0,Philis,Ford,8.0,20207.0,2023-04-13,Uganda,161656.0
505.0,Baryram,Nissan,10.0,20207.0,2023-06-27,Tanzania,202070.0
505.0,Harcourt,Mazda,10.0,24231.0,2023-09-28,Tanzania,242310.0
505.0,Gael,Ford,8.0,14771.0,2023-09-27,Tanzania,118168.0
537.0,Serge,BMW,9.0,20207.0,2023-06-06,Tanzania,181863.0
538.0,Melesa,Mercedes-Benz,10.0,13556.0,2023-03-18,Uganda,135560.0
505.0,Roselin,GMC,10.0,20207.0,2023-02-07,Uganda,202070.0
540.0,Dorolice,Nissan,10.0,20207.0,2023-05-30,Tanzania,202070.0
541.0,Melissa,Chevrolet,10.0,22837.0,2023-10-05,Uganda,228370.0
542.0,Christoper,Ford,10.0,12112.0,2023-11-20,Tanzania,121120.0
543.0,Dannel,Dodge,9.0,12454.0,2023-01-14,Uganda,112086.0
544.0,Minni,Chevrolet,15.0,20207.0,2023-06-22,Kenya,303105.0
545.0,Ingrim,Ford,3.0,20207.0,2023-03-04,Tanzania,60621.0
546.0,Maryanna,BMW,7.0,28826.0,2023-07-12,Tanzania,201782.0
547.0,Maryjane,Lexus,11.0,10917.0,2023-05-07,Tanzania,120087.0
548.0,Clari,Ford,15.0,12874.0,2023-01-26,Uganda,193110.0
549.0,Hollie,Volvo,18.0,22937.0,2023-09-05,Kenya,412866.0
505.0,Adriane,Audi,10.0,20207.0,2023-07-06,Tanzania,202070.0
551.0,Joeann,Suzuki,16.0,18758.0,2023-05-06,Tanzania,300128.0
552.0,Lenna,Infiniti,1.0,26627.0,2023-03-04,Tanzania,26627.0
553.0,Daisey,Ford,4.0,17642.0,2023-09-13,Tanzania,70568.0
554.0,Peri,Ferrari,12.0,19816.0,2023-02-01,Uganda,237792.0
555.0,Caterina,Ford,4.0,11084.0,2023-08-17,Uganda,44336.0
556.0,Elwyn,Hyundai,10.0,28183.0,2023-08-03,Uganda,281830.0
557.0,Ashia,Ford,4.0,22499.0,2023-03-17,Tanzania,89996.0
558.0,Cele,Mercedes-Benz,2.0,20760.0,2023-10-06,Kenya,41520.0
559.0,Danell,Ford,8.0,16543.0,2023-01-11,Tanzania,132344.0
560.0,Ursulina,Ford,2.0,15763.0,2023-08-25,Uganda,31526.0
505.0,Gertrudis,Plymouth,10.0,18048.0,2023-08-26,Kenya,180480.0
562.0,Kristy,Nissan,6.0,20207.0,2023-01-21,Tanzania,121242.0
505.0,Dilan,Chevrolet,3.0,23029.0,2023-11-02,Uganda,69087.0
564.0,Reeta,Ford,10.0,12697.0,2023-09-01,Uganda,126970.0
505.0,Tiffie,Chevrolet,16.0,16251.0,2023-05-29,Tanzania,260016.0
566.0,Nola,Ford,11.0,21528.0,2023-06-28,Tanzania,236808.0
567.0,Micheil,Audi,10.0,13834.0,2023-11-03,Tanzania,138340.0
568.0,Odella,Mitsubishi,10.0,20207.0,2023-05-02,Uganda,202070.0
569.0,Janenna,Hummer,10.0,17248.0,2023-08-22,Uganda,172480.0
570.0,Merrick,Mercury,1.0,20241.0,2023-10-23,Tanzania,20241.0
571.0,Ivette,Buick,10.0,17515.0,2023-02-16,Uganda,175150.0
572.0,Zondra,GMC,5.0,13138.0,2023-04-14,Tanzania,65690.0
505.0,Chickie,Spyker,18.0,20207.0,2023-05-31,Tanzania,363726.0
505.0,Toma,Volvo,3.0,14367.0,2023-08-28,Tanzania,43101.0
575.0,Fanchon,Isuzu,10.0,20207.0,2023-10-20,Tanzania,202070.0
505.0,Filberto,Infiniti,10.0,24488.0,2023-04-22,Uganda,244880.0
577.0,Gena,Chevrolet,10.0,11313.0,2023-03-30,Uganda,113130.0
578.0,Lance,Volkswagen,10.0,23690.0,2023-03-22,Tanzania,236900.0
579.0,Glori,Honda,10.0,21897.0,2023-12-26,Tanzania,218970.0
580.0,Natka,Ford,18.0,29763.0,2023-12-23,Tanzania,535734.0
581.0,Elijah,Ford,10.0,21012.0,2023-05-31,Tanzania,210120.0
582.0,Lisabeth,Jaguar,20.0,15434.0,2023-04-21,Kenya,308680.0
505.0,Verina,Ford,15.0,27735.0,2023-10-15,Tanzania,416025.0
584.0,Dee dee,Toyota,8.0,26063.0,2023-12-17,Uganda,208504.0
585.0,Madelena,Plymouth,10.0,29167.0,2023-07-25,Kenya,291670.0
505.0,Kathe,Nissan,7.0,20207.0,2023-12-28,Kenya,141449.0
587.0,Kris,Nissan,9.0,16052.0,2023-11-12,Kenya,144468.0
505.0,Zora,Plymouth,19.0,27427.0,2023-05-06,Tanzania,521113.0
589.0,Thibaud,Mazda,5.0,28422.0,2023-04-12,Uganda,142110.0
590.0,Fred,Nissan,20.0,27948.0,2023-01-26,Kenya,558960.0
591.0,Colette,Chevrolet,10.0,24049.0,2023-03-21,Tanzania,240490.0
592.0,Louis,Plymouth,16.0,20207.0,2023-02-15,Tanzania,323312.0
505.0,Lyndy,Pontiac,13.0,16473.0,2023-09-23,Tanzania,214149.0
505.0,Consuelo,Infiniti,10.0,24261.0,2023-07-21,Kenya,242610.0
505.0,Katey,Pontiac,10.0,25714.0,2023-07-08,Tanzania,257140.0
596.0,Amble,Chevrolet,20.0,25856.0,2023-08-07,Kenya,517120.0
505.0,Erica,Mercedes-Benz,10.0,22967.0,2023-09-06,Kenya,229670.0
598.0,Vanna,Ford,10.0,15509.0,2023-01-30,Tanzania,155090.0
505.0,Lonnie,Nissan,15.0,19297.0,2023-10-19,Kenya,289455.0
600.0,Lexine,Chevrolet,19.0,22097.0,2023-07-07,Tanzania,419843.0
601.0,Honoria,Jeep,10.0,21448.0,2023-04-09,Uganda,214480.0
602.0,Fair,Toyota,5.0,20207.0,2023-02-08,Uganda,101035.0
603.0,Georgiana,Mercedes-Benz,8.0,17377.0,2023-01-19,Kenya,139016.0
604.0,Sheppard,Ford,1.0,13381.0,2023-09-30,Tanzania,13381.0
605.0,Elsey,Spyker,10.0,14667.0,2023-03-01,Tanzania,146670.0
505.0,Melissa,Ford,2.0,20207.0,2023-07-20,Tanzania,40414.0
607.0,Editha,Buick,16.0,27590.0,2023-02-04,Uganda,441440.0
505.0,Kikelia,Ford,3.0,20207.0,2023-07-22,Uganda,60621.0
609.0,Kathrine,Pontiac,9.0,26502.0,2023-10-02,Uganda,238518.0
610.0,Jon,Geo,10.0,26963.0,2023-09-10,Tanzania,269630.0
611.0,Cherlyn,Lexus,17.0,20207.0,2023-12-11,Kenya,343519.0
612.0,Forester,Chevrolet,19.0,25879.0,2023-11-04,Tanzania,491701.0
505.0,Josee,Mitsubishi,4.0,24923.0,2023-11-23,Tanzania,99692.0
614.0,Abdel,Ford,13.0,21230.0,2023-02-13,Kenya,275990.0
615.0,Benoit,Lexus,10.0,19425.0,2023-08-10,Tanzania,194250.0
616.0,Vivienne,Honda,9.0,13668.0,2023-01-21,Tanzania,123012.0
617.0,Rafi,Ford,1.0,20573.0,2023-09-21,Kenya,20573.0
505.0,Sammy,Subaru,4.0,27557.0,2023-08-21,Uganda,110228.0
619.0,Jean,Buick,10.0,10081.0,2023-07-01,Tanzania,100810.0
620.0,Dario,Audi,10.0,20481.0,2023-11-07,Tanzania,204810.0
505.0,Ferris,Hyundai,10.0,25224.0,2023-12-25,Tanzania,252240.0
622.0,Philomena,Audi,10.0,19904.0,2023-12-27,Uganda,199040.0
505.0,Lazar,GMC,10.0,10999.0,2023-04-12,Tanzania,109990.0
624.0,Wilmar,BMW,10.0,11683.0,2023-04-05,Tanzania,116830.0
625.0,Franciskus,GMC,2.0,20207.0,2023-08-03,Kenya,40414.0
626.0,Niles,Ford,16.0,20207.0,2023-12-23,Uganda,323312.0
627.0,Sheilah,Ford,10.0,20207.0,2023-10-10,Uganda,202070.0
628.0,Jose,Chevrolet,17.0,20207.0,2023-01-04,Kenya,343519.0
505.0,Peggie,Suzuki,10.0,10642.0,2023-12-11,Tanzania,106420.0
505.0,Moe,BMW,10.0,25106.0,2023-01-20,Kenya,251060.0
631.0,Kelley,Acura,19.0,18087.0,2023-11-17,Uganda,343653.0
632.0,Roderic,Mitsubishi,10.0,20207.0,2023-09-17,Tanzania,202070.0
505.0,Izabel,Ford,10.0,23584.0,2023-07-07,Tanzania,235840.0
634.0,Ryann,Hyundai,10.0,27666.0,2023-10-03,Kenya,276660.0
505.0,Ambrose,Mazda,17.0,11250.0,2023-01-25,Tanzania,191250.0
636.0,Carlina,Cadillac,10.0,28761.0,2023-04-13,Uganda,287610.0
505.0,Broddy,Ford,10.0,13659.0,2023-06-28,Tanzania,136590.0
638.0,Meridith,Kia,9.0,11476.0,2023-05-02,Tanzania,103284.0
505.0,Maxy,Honda,10.0,25978.0,2023-03-27,Tanzania,259780.0
640.0,Reine,Ford,1.0,18918.0,2023-05-08,Uganda,18918.0
641.0,Alvis,Ford,8.0,12755.0,2023-11-12,Tanzania,102040.0
642.0,Rosetta,Infiniti,10.0,14947.0,2023-05-28,Kenya,149470.0
643.0,Christa,Ford,6.0,10979.0,2023-11-18,Tanzania,65874.0
505.0,Janeczka,Ford,10.0,18233.0,2023-10-01,Uganda,182330.0
505.0,Ricoriki,Ford,9.0,25831.0,2023-09-08,Kenya,232479.0
646.0,Syman,Chevrolet,10.0,20207.0,2023-03-30,Tanzania,202070.0
647.0,Hughie,Hyundai,10.0,20207.0,2023-07-21,Uganda,202070.0
648.0,Christos,Ford,7.0,24864.0,2023-05-28,Kenya,174048.0
505.0,Fleur,Mercedes-Benz,1.0,20207.0,2023-11-10,Uganda,20207.0
650.0,Jeniece,Kia,10.0,20207.0,2023-04-27,Tanzania,202070.0
505.0,Andeee,Infiniti,8.0,15639.0,2023-08-27,Tanzania,125112.0
652.0,Ruddy,Ford,9.0,11825.0,2023-05-14,Tanzania,106425.0
505.0,Doyle,Jaguar,10.0,22772.0,2023-10-21,Uganda,227720.0
505.0,Margaretha,Ford,10.0,22442.0,2023-05-17,Kenya,224420.0
655.0,Barnaby,Lexus,10.0,26445.0,2023-08-21,Uganda,264450.0
656.0,Agata,Dodge,10.0,10835.0,2023-01-26,Kenya,108350.0
657.0,Cassy,Dodge,10.0,14845.0,2023-10-11,Tanzania,148450.0
658.0,Renado,Subaru,10.0,20207.0,2023-02-07,Kenya,202070.0
659.0,Marilyn,Ford,10.0,20207.0,2023-10-25,Tanzania,202070.0
660.0,Damien,Mercedes-Benz,10.0,29571.0,2023-09-16,Kenya,295710.0
661.0,Arman,Dodge,15.0,25248.0,2023-08-09,Kenya,378720.0
662.0,Brooks,Ford,20.0,26280.0,2023-09-14,Kenya,525600.0
663.0,Merwyn,Nissan,3.0,13729.0,2023-07-27,Tanzania,41187.0
505.0,Shannah,Ford,14.0,18202.0,2023-02-25,Tanzania,254828.0
505.0,Tobe,Chevrolet,10.0,23681.0,2023-09-19,Kenya,236810.0
666.0,Clemmie,MINI,10.0,20207.0,2023-03-31,Uganda,202070.0
505.0,Bernard,Toyota,4.0,16894.0,2023-04-26,Tanzania,67576.0
668.0,Engracia,Ford,10.0,20207.0,2023-10-04,Kenya,202070.0
505.0,Shelba,Volkswagen,10.0,29339.0,2023-07-24,Tanzania,293390.0
670.0,Marci,Porsche,9.0,20207.0,2023-12-17,Kenya,181863.0
671.0,Charlton,Chevrolet,10.0,28172.0,2023-03-30,Tanzania,281720.0
505.0,Arvy,Isuzu,8.0,20207.0,2023-09-16,Uganda,161656.0
673.0,Tobey,Suzuki,6.0,20207.0,2023-05-19,Tanzania,121242.0
674.0,Garrard,Volkswagen,10.0,12724.0,2023-02-23,Tanzania,127240.0
675.0,Cazzie,Isuzu,20.0,10671.0,2023-01-17,Tanzania,213420.0
676.0,Ludvig,Lincoln,7.0,10400.0,2023-05-13,Tanzania,72800.0
677.0,Basil,Ford,19.0,11841.0,2023-05-21,Tanzania,224979.0
678.0,Brucie,Ford,6.0,26658.0,2023-01-29,Uganda,159948.0
679.0,Colas,Ford,1.0,18819.0,2023-04-03,Tanzania,18819.0
505.0,Edgar,Mitsubishi,10.0,29601.0,2023-02-14,Tanzania,296010.0
505.0,Pieter,Mercury,12.0,28420.0,2023-09-16,Tanzania,341040.0
682.0,Farand,Mazda,5.0,11751.0,2023-08-26,Kenya,58755.0
683.0,Lacey,Honda,10.0,23835.0,2023-02-01,Tanzania,238350.0
684.0,Carole,Volvo,10.0,15523.0,2023-05-19,Tanzania,155230.0
685.0,Stanislaw,Ford,10.0,22612.0,2023-06-28,Tanzania,226120.0
686.0,Aggie,Kia,1.0,29111.0,2023-08-22,Uganda,29111.0
687.0,Dorris,Toyota,10.0,28934.0,2023-01-01,Tanzania,289340.0
505.0,Emmey,Cadillac,3.0,20207.0,2023-09-11,Tanzania,60621.0
505.0,Esmaria,Ford,11.0,14831.0,2023-04-21,Kenya,163141.0
505.0,Lark,Chevrolet,17.0,25357.0,2023-06-12,Tanzania,431069.0
505.0,Timi,Chevrolet,6.0,21190.0,2023-03-12,Tanzania,127140.0
692.0,Renelle,Ford,1.0,24142.0,2023-10-03,Tanzania,24142.0
505.0,Nariko,Mercury,11.0,27793.0,2023-08-21,Kenya,305723.0
694.0,Job,Dodge,17.0,20207.0,2023-10-28,Uganda,343519.0
695.0,Halimeda,Audi,10.0,18952.0,2023-03-30,Tanzania,189520.0
696.0,Simmonds,Volkswagen,13.0,19596.0,2023-07-14,Tanzania,254748.0
697.0,Gayelord,BMW,10.0,10457.0,2023-07-10,Tanzania,104570.0
698.0,Philippa,Jeep,10.0,20207.0,2023-02-12,Uganda,202070.0
699.0,Petunia,Ford,17.0,21930.0,2023-04-23,Uganda,372810.0
505.0,Dino,Ford,10.0,20207.0,2023-02-14,Tanzania,202070.0
505.0,Ethelred,Chevrolet,10.0,20207.0,2023-09-16,Tanzania,202070.0
505.0,Hilde,Ford,10.0,21469.0,2023-09-03,Tanzania,214690.0
703.0,Elmore,Honda,10.0,20207.0,2023-05-29,Uganda,202070.0
505.0,Jenelle,Honda,17.0,15719.0,2023-07-03,Tanzania,267223.0
705.0,Reece,Ford,20.0,20207.0,2023-09-04,Kenya,404140.0
505.0,Terese,Maybach,10.0,16709.0,2023-11-24,Tanzania,167090.0
707.0,Gerardo,Peugeot,10.0,20207.0,2023-05-06,Tanzania,202070.0
708.0,Hyacinthia,Ford,10.0,25163.0,2023-10-09,Tanzania,251630.0
505.0,Maryann,Ford,19.0,16232.0,2023-06-18,Kenya,308408.0
710.0,Andee,Jeep,10.0,20207.0,2023-05-24,Uganda,202070.0
711.0,Celestyn,BMW,1.0,20207.0,2023-03-02,Tanzania,20207.0
712.0,Caz,Ford,8.0,20207.0,2023-07-05,Uganda,161656.0
713.0,Tomkin,Ford,2.0,26855.0,2023-05-18,Tanzania,53710.0
714.0,Jacquelin,GMC,19.0,20598.0,2023-08-11,Tanzania,391362.0
715.0,Perl,Ford,10.0,19775.0,2023-03-03,Kenya,197750.0
716.0,Celisse,Mercury,10.0,27960.0,2023-09-09,Tanzania,279600.0
717.0,Joete,Plymouth,11.0,27738.0,2023-05-22,Tanzania,305118.0
718.0,Evania,Hyundai,20.0,11792.0,2023-06-04,Kenya,235840.0
719.0,Griz,Ford,10.0,20207.0,2023-09-27,Tanzania,202070.0
720.0,Piotr,GMC,10.0,12537.0,2023-04-08,Kenya,125370.0
505.0,Shaine,Dodge,19.0,24805.0,2023-07-02,Kenya,471295.0
722.0,Skell,Volkswagen,10.0,20207.0,2023-12-05,Uganda,202070.0
723.0,Milty,Ford,17.0,18351.0,2023-12-01,Kenya,311967.0
724.0,Augustine,Hyundai,10.0,21874.0,2023-06-06,Tanzania,218740.0
725.0,Nancie,Ford,11.0,20207.0,2023-07-15,Tanzania,222277.0
726.0,Cassandre,Pontiac,4.0,27190.0,2023-03-10,Tanzania,108760.0
505.0,Skipton,Dodge,9.0,23039.0,2023-01-28,Tanzania,207351.0
728.0,Prince,Lexus,13.0,21424.0,2023-01-12,Uganda,278512.0
729.0,Sylas,Ford,17.0,17608.0,2023-06-21,Tanzania,299336.0
730.0,Petronella,Ford,10.0,19024.0,2023-08-25,Tanzania,190240.0
731.0,Goddart,Toyota,10.0,12657.0,2023-02-20,Kenya,126570.0
732.0,Codi,Porsche,5.0,15506.0,2023-09-27,Uganda,77530.0
733.0,Dillie,Pontiac,10.0,20207.0,2023-01-17,Kenya,202070.0
505.0,Elvera,Nissan,10.0,16275.0,2023-03-16,Tanzania,162750.0
735.0,Petunia,Dodge,10.0,16485.0,2023-11-16,Uganda,164850.0
736.0,Bria,Acura,14.0,22079.0,2023-01-08,Kenya,309106.0
737.0,Ben,Ford,12.0,18104.0,2023-07-22,Tanzania,217248.0
738.0,Ty,Mazda,3.0,21765.0,2023-03-19,Uganda,65295.0
739.0,Ganny,Ford,15.0,10607.0,2023-08-31,Tanzania,159105.0
505.0,Vyky,Hyundai,6.0,11976.0,2023-08-03,Tanzania,71856.0
505.0,Vikky,Ford,10.0,14742.0,2023-06-10,Tanzania,147420.0
505.0,Jeremias,Toyota,12.0,26498.0,2023-10-05,Uganda,317976.0
743.0,Jessi,GMC,10.0,11877.0,2023-07-26,Tanzania,118770.0
744.0,Danya,Ford,17.0,12379.0,2023-06-29,Uganda,210443.0
505.0,Timothea,Ford,10.0,14585.0,2023-07-05,Tanzania,145850.0
505.0,Etienne,Ford,6.0,20207.0,2023-06-27,Tanzania,121242.0
747.0,Harriette,Ford,1.0,18475.0,2023-04-30,Uganda,18475.0
748.0,Aimee,Chevrolet,10.0,20207.0,2023-10-10,Uganda,202070.0
749.0,Cleon,Mazda,15.0,20207.0,2023-02-14,Kenya,303105.0
750.0,Gabbie,BMW,4.0,14134.0,2023-07-18,Kenya,56536.0
505.0,Worth,BMW,10.0,10786.0,2023-09-02,Uganda,107860.0
752.0,Madalyn,Mercedes-Benz,3.0,20207.0,2023-11-19,Kenya,60621.0
505.0,Cindi,Dodge,16.0,20635.0,2023-12-22,Tanzania,330160.0
505.0,Mahmud,GMC,10.0,19383.0,2023-01-24,Tanzania,193830.0
755.0,Darren,Ford,10.0,19447.0,2023-02-06,Tanzania,194470.0
505.0,Giralda,Jeep,10.0,20207.0,2023-12-29,Uganda,202070.0
757.0,Roby,Ford,10.0,14817.0,2023-04-02,Tanzania,148170.0
758.0,Birdie,Ford,3.0,11917.0,2023-11-18,Tanzania,35751.0
759.0,Vallie,Acura,10.0,27883.0,2023-11-09,Kenya,278830.0
760.0,Mala,Ford,7.0,17289.0,2023-04-12,Tanzania,121023.0
761.0,Emmy,Dodge,18.0,20207.0,2023-07-21,Tanzania,363726.0
762.0,Mill,Ford,10.0,13232.0,2023-05-19,Uganda,132320.0
763.0,Wilfrid,Chevrolet,10.0,20980.0,2023-09-14,Kenya,209800.0
764.0,Ange,Ford,10.0,20207.0,2023-09-20,Tanzania,202070.0
505.0,Rudyard,Mercury,20.0,17039.0,2023-09-12,Tanzania,340780.0
766.0,Aldrich,Toyota,10.0,29529.0,2023-07-30,Tanzania,295290.0
505.0,Crystie,Chevrolet,10.0,23047.0,2023-03-23,Kenya,230470.0
768.0,Norry,Ford,5.0,19059.0,2023-01-26,Tanzania,95295.0
505.0,Desmund,Ford,20.0,20207.0,2023-11-07,Tanzania,404140.0
770.0,Jamison,Ford,15.0,13841.0,2023-10-10,Uganda,207615.0
771.0,Janna,Ford,10.0,17693.0,2023-06-18,Uganda,176930.0
505.0,Blithe,Ford,10.0,19848.0,2023-12-14,Tanzania,198480.0
773.0,Timmy,Chevrolet,10.0,11531.0,2023-10-21,Tanzania,115310.0
505.0,Christoforo,Buick,18.0,20207.0,2023-04-02,Kenya,363726.0
775.0,Josi,Jeep,9.0,26567.0,2023-11-04,Uganda,239103.0
776.0,Cyrillus,Ford,10.0,28291.0,2023-02-19,Kenya,282910.0
777.0,Booth,Subaru,10.0,21496.0,2023-07-08,Tanzania,214960.0
778.0,Laurens,Ford,10.0,29420.0,2023-03-20,Kenya,294200.0
505.0,Nelli,Volkswagen,10.0,10355.0,2023-08-05,Tanzania,103550.0
780.0,Haleigh,Chevrolet,15.0,13951.0,2023-12-30,Uganda,209265.0
781.0,Barry,Ford,9.0,16013.0,2023-10-26,Kenya,144117.0
505.0,Jere,Subaru,3.0,12718.0,2023-09-05,Uganda,38154.0
505.0,Fonsie,Ford,18.0,20951.0,2023-12-20,Kenya,377118.0
784.0,Clemmie,Cadillac,19.0,20620.0,2023-04-14,Uganda,391780.0
505.0,Hamilton,Mercury,9.0,10992.0,2023-04-07,Uganda,98928.0
786.0,Gabriele,Ford,10.0,27839.0,2023-03-26,Tanzania,278390.0
787.0,Sibel,Dodge,1.0,25735.0,2023-05-25,Tanzania,25735.0
505.0,Louella,Nissan,10.0,14495.0,2023-07-30,Kenya,144950.0
789.0,Kalil,Dodge,10.0,29106.0,2023-08-08,Tanzania,291060.0
505.0,Windy,Ford,10.0,23975.0,2023-02-15,Tanzania,239750.0
505.0,Jeromy,Kia,4.0,22440.0,2023-02-25,Tanzania,89760.0
792.0,Eugenius,Ford,10.0,22013.0,2023-03-08,Uganda,220130.0
505.0,Teri,Ford,10.0,20052.0,2023-11-14,Uganda,200520.0
794.0,Perry,Pontiac,10.0,20207.0,2023-12-28,Kenya,202070.0
795.0,Bianca,Mazda,6.0,21668.0,2023-11-21,Tanzania,130008.0
796.0,Ivory,Jaguar,10.0,20207.0,2023-02-03,Tanzania,202070.0
797.0,Stevie,Chevrolet,3.0,24315.0,2023-01-21,Uganda,72945.0
505.0,Tobit,MINI,10.0,20207.0,2023-04-26,Tanzania,202070.0
505.0,Bettina,Chevrolet,7.0,28658.0,2023-06-26,Uganda,200606.0
800.0,Lizzy,Chevrolet,15.0,16173.0,2023-02-11,Uganda,242595.0
801.0,Gusella,Ford,10.0,20207.0,2023-05-29,Uganda,202070.0
802.0,Remus,Chevrolet,18.0,10870.0,2023-05-03,Tanzania,195660.0
803.0,Giselle,Toyota,20.0,10410.0,2023-01-06,Uganda,208200.0
804.0,Chrysler,Aston Martin,5.0,25163.0,2023-05-30,Tanzania,125815.0
505.0,Granger,Subaru,10.0,28820.0,2023-05-04,Uganda,288200.0
806.0,Jamie,Ford,5.0,25072.0,2023-06-15,Uganda,125360.0
807.0,Konstantin,Dodge,4.0,20207.0,2023-02-28,Uganda,80828.0
808.0,Ingunna,Mercury,8.0,20207.0,2023-10-10,Tanzania,161656.0
809.0,Abbott,Suzuki,10.0,23828.0,2023-08-23,Tanzania,238280.0
810.0,Emile,Jensen,10.0,20207.0,2023-02-06,Tanzania,202070.0
505.0,Hughie,Toyota,1.0,17266.0,2023-11-09,Tanzania,17266.0
812.0,Sandi,Nissan,8.0,18067.0,2023-05-28,Tanzania,144536.0
813.0,Pip,Volkswagen,15.0,10390.0,2023-01-23,Tanzania,155850.0
814.0,Hayley,Ford,17.0,20207.0,2023-09-23,Tanzania,343519.0
505.0,Marieann,GMC,10.0,20207.0,2023-05-24,Kenya,202070.0
816.0,Meghan,Kia,10.0,20207.0,2023-09-01,Uganda,202070.0
817.0,Fitz,Volvo,10.0,20207.0,2023-10-04,Tanzania,202070.0
818.0,Karola,Mercury,10.0,26933.0,2023-06-13,Tanzania,269330.0
819.0,Tiena,Ford,8.0,28546.0,2023-07-17,Uganda,228368.0
820.0,Ingra,Ford,5.0,17641.0,2023-03-18,Tanzania,88205.0
821.0,Tomaso,Ford,6.0,26265.0,2023-03-22,Tanzania,157590.0
822.0,Margareta,Chevrolet,2.0,26047.0,2023-08-13,Tanzania,52094.0
823.0,Maryanne,Porsche,1.0,24012.0,2023-03-30,Kenya,24012.0
824.0,Agosto,Ford,10.0,15806.0,2023-07-16,Kenya,158060.0
825.0,Vladamir,Ford,10.0,22882.0,2023-12-30,Tanzania,228820.0
826.0,Easter,Mercedes-Benz,10.0,14496.0,2023-08-11,Tanzania,144960.0
827.0,Beatrice,Eagle,10.0,24976.0,2023-04-19,Tanzania,249760.0
828.0,Robbie,Ford,10.0,20207.0,2023-08-18,Tanzania,202070.0
829.0,Phillie,BMW,10.0,14263.0,2023-04-24,Tanzania,142630.0
830.0,Hedvige,Ford,16.0,19876.0,2023-04-19,Tanzania,318016.0
831.0,Dosi,Mitsubishi,9.0,20207.0,2023-04-30,Tanzania,181863.0
832.0,Concettina,Mercedes-Benz,14.0,11243.0,2023-07-03,Tanzania,157402.0
833.0,Whitman,Audi,10.0,22689.0,2023-02-25,Uganda,226890.0
505.0,Lillian,Mitsubishi,18.0,20207.0,2023-12-10,Tanzania,363726.0
835.0,Berthe,Honda,8.0,13757.0,2023-12-11,Kenya,110056.0
836.0,Edan,Ford,7.0,24709.0,2023-11-08,Tanzania,172963.0
837.0,Brody,Toyota,4.0,12144.0,2023-10-21,Tanzania,48576.0
838.0,Inna,Ford,5.0,11281.0,2023-07-17,Tanzania,56405.0
839.0,Maddy,Ford,9.0,24303.0,2023-12-26,Tanzania,218727.0
840.0,Wolfie,Audi,12.0,22622.0,2023-11-27,Tanzania,271464.0
505.0,Vidovik,Volvo,17.0,18701.0,2023-07-13,Tanzania,317917.0
842.0,Sheffy,Buick,9.0,10542.0,2023-01-28,Tanzania,94878.0
843.0,Gonzales,Ford,8.0,24605.0,2023-02-16,Uganda,196840.0
844.0,Quinta,Ford,10.0,26791.0,2023-07-16,Tanzania,267910.0
845.0,Carlynn,Pontiac,10.0,22490.0,2023-03-04,Uganda,224900.0
846.0,Leena,Lexus,10.0,20207.0,2023-08-11,Tanzania,202070.0
847.0,Cornall,Ford,7.0,20199.0,2023-06-12,Uganda,141393.0
505.0,Kaine,Saab,8.0,28765.0,2023-01-15,Kenya,230120.0
849.0,Bel,Porsche,6.0,29705.0,2023-04-01,Tanzania,178230.0
505.0,Bettine,Mercedes-Benz,10.0,20207.0,2023-08-10,Tanzania,202070.0
505.0,Margarethe,GMC,19.0,21338.0,2023-07-28,Kenya,405422.0
852.0,Garold,Chevrolet,10.0,13759.0,2023-06-13,Tanzania,137590.0
853.0,Jaquenetta,Jaguar,10.0,26974.0,2023-06-16,Kenya,269740.0
505.0,Emmet,Chevrolet,10.0,20207.0,2023-03-23,Uganda,202070.0
855.0,Kennedy,Mitsubishi,10.0,23714.0,2023-10-27,Tanzania,237140.0
505.0,Tripp,Ford,10.0,29662.0,2023-10-02,Uganda,296620.0
505.0,Hazlett,GMC,4.0,17759.0,2023-09-13,Uganda,71036.0
858.0,Celinka,Dodge,10.0,11941.0,2023-05-19,Kenya,119410.0
859.0,Shannen,Chevrolet,10.0,15539.0,2023-05-10,Uganda,155390.0
860.0,Randene,Chevrolet,10.0,16088.0,2023-06-10,Kenya,160880.0
505.0,Reinold,Ford,15.0,20603.0,2023-02-17,Uganda,309045.0
505.0,Edan,Ford,10.0,22208.0,2023-10-28,Uganda,222080.0
863.0,Francklin,Ford,9.0,12539.0,2023-01-11,Kenya,112851.0
864.0,Mervin,Infiniti,19.0,20207.0,2023-04-24,Kenya,383933.0
505.0,Elwood,Infiniti,10.0,20207.0,2023-05-21,Tanzania,202070.0
866.0,Rudiger,Suzuki,5.0,18545.0,2023-06-13,Uganda,92725.0
505.0,Shelton,Jeep,18.0,20207.0,2023-06-22,Kenya,363726.0
505.0,Amandi,Mercury,2.0,22191.0,2023-07-28,Kenya,44382.0
869.0,Gothart,BMW,6.0,16725.0,2023-10-09,Kenya,100350.0
870.0,Helen,Volkswagen,8.0,20207.0,2023-06-04,Kenya,161656.0
871.0,Rab,Ford,19.0,28393.0,2023-04-26,Tanzania,539467.0
872.0,Markus,Lincoln,10.0,20207.0,2023-05-10,Kenya,202070.0
873.0,Colline,Ford,15.0,18746.0,2023-01-06,Tanzania,281190.0
874.0,Berta,Audi,7.0,22510.0,2023-12-16,Tanzania,157570.0
875.0,Brendon,Ford,10.0,20207.0,2023-01-08,Kenya,202070.0
505.0,Jessika,Kia,10.0,26041.0,2023-11-15,Tanzania,260410.0
877.0,Consuela,Toyota,10.0,16954.0,2023-02-21,Uganda,169540.0
878.0,Noe,Volkswagen,13.0,20574.0,2023-10-20,Kenya,267462.0
505.0,Kristo,Mercury,11.0,20207.0,2023-09-22,Uganda,222277.0
505.0,Fairlie,Ford,8.0,19651.0,2023-12-14,Tanzania,157208.0
505.0,Laurie,Nissan,6.0,10692.0,2023-05-22,Tanzania,64152.0
505.0,Natka,Mazda,10.0,18381.0,2023-05-11,Kenya,183810.0
505.0,Kylynn,Mercedes-Benz,10.0,19760.0,2023-10-12,Kenya,197600.0
884.0,Burlie,Rambler,10.0,16472.0,2023-05-05,Uganda,164720.0
885.0,Electra,Mitsubishi,3.0,20207.0,2023-03-14,Tanzania,60621.0
886.0,Latashia,Toyota,13.0,28850.0,2023-03-14,Kenya,375050.0
887.0,Steffi,Jeep,10.0,26771.0,2023-01-14,Uganda,267710.0
888.0,Rozanne,Buick,17.0,21565.0,2023-11-09,Tanzania,366605.0
889.0,Valli,Bentley,3.0,18999.0,2023-10-07,Tanzania,56997.0
890.0,Keelby,Lexus,9.0,27711.0,2023-03-29,Uganda,249399.0
891.0,Yevette,Ford,10.0,13474.0,2023-07-01,Tanzania,134740.0
505.0,Thaine,Suzuki,18.0,15770.0,2023-06-24,Kenya,283860.0
893.0,Bernadene,Chevrolet,2.0,27334.0,2023-09-22,Tanzania,54668.0
894.0,Oby,Mitsubishi,10.0,20207.0,2023-05-12,Uganda,202070.0
895.0,Cass,Audi,8.0,19443.0,2023-05-21,Uganda,155544.0
505.0,Ninnette,Acura,8.0,20060.0,2023-09-06,Uganda,160480.0
505.0,Mallorie,Ford,2.0,16970.0,2023-02-23,Uganda,33940.0
898.0,Ricoriki,Ford,11.0,20207.0,2023-09-24,Tanzania,222277.0
899.0,Marlo,Ford,10.0,24839.0,2023-06-25,Tanzania,248390.0
505.0,Vinson,Ford,10.0,14692.0,2023-10-26,Kenya,146920.0
901.0,Demetri,Pontiac,10.0,13762.0,2023-10-18,Tanzania,137620.0
902.0,Malena,Ford,10.0,22724.0,2023-12-22,Kenya,227240.0
505.0,Anders,Mitsubishi,10.0,27835.0,2023-08-05,Tanzania,278350.0
505.0,Margret,Chevrolet,6.0,23389.0,2023-08-18,Tanzania,140334.0
905.0,Maximilianus,Ford,17.0,20560.0,2023-11-29,Tanzania,349520.0
505.0,Sherlocke,Ford,7.0,24461.0,2023-01-01,Tanzania,171227.0
907.0,Hans,Ford,10.0,13911.0,2023-02-22,Tanzania,139110.0
908.0,Shaylyn,Buick,16.0,20207.0,2023-05-02,Uganda,323312.0
909.0,Halley,GMC,5.0,10624.0,2023-07-16,Tanzania,53120.0
910.0,Jethro,Mercury,10.0,26983.0,2023-07-18,Uganda,269830.0
911.0,Christi,Ford,10.0,20207.0,2023-04-18,Tanzania,202070.0
912.0,Frankie,Chevrolet,17.0,16535.0,2023-05-18,Tanzania,281095.0
913.0,Daron,Infiniti,10.0,11646.0,2023-09-06,Kenya,116460.0
914.0,Aviva,Suzuki,10.0,25514.0,2023-05-24,Tanzania,255140.0
915.0,Leighton,Honda,5.0,13641.0,2023-10-26,Kenya,68205.0
916.0,Kipper,Mercury,16.0,22635.0,2023-05-13,Kenya,362160.0
917.0,Della,Chrysler,1.0,13275.0,2023-05-20,Uganda,13275.0
918.0,Jody,Lotus,7.0,13403.0,2023-09-27,Kenya,93821.0
919.0,Lynelle,Mitsubishi,10.0,20207.0,2023-09-29,Tanzania,202070.0
920.0,Averil,Ford,15.0,29641.0,2023-07-26,Tanzania,444615.0
505.0,Angus,Ford,5.0,20207.0,2023-10-10,Uganda,101035.0
922.0,Sherry,Toyota,18.0,15646.0,2023-01-19,Uganda,281628.0
923.0,Farah,Chrysler,10.0,11196.0,2023-06-29,Tanzania,111960.0
924.0,Rana,Scion,12.0,20207.0,2023-06-17,Kenya,242484.0
505.0,Hilliary,Ford,7.0,28006.0,2023-02-14,Tanzania,196042.0
926.0,Saunder,Subaru,2.0,19879.0,2023-04-15,Tanzania,39758.0
927.0,Vern,Saturn,18.0,24496.0,2023-01-15,Tanzania,440928.0
928.0,Rayna,Ford,3.0,10762.0,2023-08-01,Tanzania,32286.0
929.0,Myrvyn,Ford,10.0,20207.0,2023-08-28,Tanzania,202070.0
505.0,Ignazio,GMC,20.0,20207.0,2023-01-23,Uganda,404140.0
931.0,Gregorio,Ford,2.0,22255.0,2023-03-03,Tanzania,44510.0
932.0,Ralina,Honda,18.0,12384.0,2023-06-26,Tanzania,222912.0
933.0,Rheba,Ford,10.0,20207.0,2023-03-05,Kenya,202070.0
934.0,Paulette,Ford,11.0,17212.0,2023-07-15,Kenya,189332.0
935.0,Jacquelynn,Ford,10.0,20207.0,2023-05-11,Tanzania,202070.0
936.0,Jeni,Ford,10.0,22471.0,2023-01-01,Uganda,224710.0
937.0,Fulvia,Ford,9.0,27782.0,2023-12-15,Tanzania,250038.0
938.0,Joela,Dodge,10.0,20207.0,2023-03-04,Uganda,202070.0
939.0,Teodoor,Lotus,10.0,16725.0,2023-04-28,Uganda,167250.0
940.0,Cletus,Ford,2.0,27599.0,2023-09-24,Tanzania,55198.0
941.0,Roxie,GMC,10.0,22683.0,2023-04-18,Tanzania,226830.0
942.0,Brannon,Hyundai,6.0,20207.0,2023-01-19,Tanzania,121242.0
943.0,Ely,Ford,11.0,26661.0,2023-01-17,Kenya,293271.0
944.0,Bondon,Ford,10.0,11767.0,2023-01-04,Tanzania,117670.0
505.0,Robert,Jaguar,9.0,27214.0,2023-07-02,Tanzania,244926.0
946.0,Iris,Kia,19.0,22814.0,2023-01-31,Kenya,433466.0
505.0,Nev,Ford,6.0,24599.0,2023-06-16,Tanzania,147594.0
505.0,Yalonda,Plymouth,19.0,29582.0,2023-01-08,Tanzania,562058.0
505.0,Barbra,Toyota,10.0,19246.0,2023-03-16,Kenya,192460.0
505.0,Linea,Infiniti,17.0,10984.0,2023-06-08,Tanzania,186728.0
505.0,Tom,Ford,5.0,17926.0,2023-08-16,Kenya,89630.0
505.0,Amble,Jaguar,12.0,19065.0,2023-02-13,Tanzania,228780.0
953.0,Nelli,Saab,10.0,22396.0,2023-01-25,Tanzania,223960.0
954.0,Elia,Volkswagen,7.0,28643.0,2023-11-16,Uganda,200501.0
505.0,Finley,Honda,3.0,22962.0,2023-09-08,Tanzania,68886.0
505.0,Ellissa,Austin,9.0,26945.0,2023-10-23,Uganda,242505.0
957.0,Jaquenetta,Ford,11.0,13412.0,2023-07-25,Tanzania,147532.0
958.0,Cullie,Infiniti,13.0,13565.0,2023-05-30,Tanzania,176345.0
505.0,Kelsey,Chevrolet,16.0,15641.0,2023-09-16,Tanzania,250256.0
505.0,Kinnie,Saturn,10.0,12536.0,2023-04-10,Tanzania,125360.0
961.0,Hatti,Hummer,20.0,16352.0,2023-09-16,Tanzania,327040.0
962.0,Clement,Honda,6.0,20207.0,2023-02-03,Tanzania,121242.0
505.0,Frazer,Dodge,15.0,20207.0,2023-05-14,Tanzania,303105.0
964.0,Dominik,Pontiac,1.0,20207.0,2023-12-24,Tanzania,20207.0
965.0,Selma,Subaru,10.0,19384.0,2023-03-01,Tanzania,193840.0
966.0,Fawne,Ford,10.0,20207.0,2023-05-30,Uganda,202070.0
967.0,Ivette,Ford,10.0,23800.0,2023-12-03,Tanzania,238000.0
968.0,Lena,Ford,10.0,15134.0,2023-01-17,Tanzania,151340.0
505.0,Libbey,Mercedes-Benz,15.0,10243.0,2023-10-29,Kenya,153645.0
970.0,Lorant,Toyota,11.0,20207.0,2023-04-08,Tanzania,222277.0
971.0,Rudiger,Porsche,19.0,10912.0,2023-03-29,Tanzania,207328.0
972.0,Opaline,Ford,11.0,16895.0,2023-03-07,Tanzania,185845.0
505.0,Ulrika,Hyundai,10.0,18337.0,2023-04-18,Uganda,183370.0
974.0,Karlens,Mercury,14.0,28528.0,2023-02-16,Tanzania,399392.0
975.0,Nadean,Mercedes-Benz,10.0,12719.0,2023-07-17,Tanzania,127190.0
505.0,Clark,Eagle,6.0,20207.0,2023-11-04,Uganda,121242.0
505.0,Jorge,Pontiac,10.0,14469.0,2023-03-29,Tanzania,144690.0
505.0,Hagen,Honda,14.0,22039.0,2023-05-07,Tanzania,308546.0
979.0,Tedmund,Chevrolet,10.0,26898.0,2023-04-09,Tanzania,268980.0
980.0,Laurens,Audi,10.0,18846.0,2023-04-07,Tanzania,188460.0
505.0,Stafani,Mitsubishi,10.0,20437.0,2023-11-26,Uganda,204370.0
982.0,Sylvester,Ford,19.0,24609.0,2023-05-22,Tanzania,467571.0
505.0,Marlo,Infiniti,1.0,12026.0,2023-06-28,Uganda,12026.0
984.0,Dore,Audi,10.0,24578.0,2023-10-01,Tanzania,245780.0
985.0,Virginie,Ford,10.0,20207.0,2023-02-01,Tanzania,202070.0
505.0,Linoel,Hyundai,3.0,15500.0,2023-02-20,Uganda,46500.0
987.0,Clare,Ford,4.0,29893.0,2023-04-21,Tanzania,119572.0
988.0,Oberon,Hyundai,18.0,20207.0,2023-12-22,Kenya,363726.0
505.0,Baird,Isuzu,2.0,29445.0,2023-05-22,Tanzania,58890.0
505.0,Norton,Land Rover,10.0,10288.0,2023-01-13,Kenya,102880.0
991.0,Lilyan,Aston Martin,10.0,11269.0,2023-02-24,Tanzania,112690.0
505.0,Harvey,Volkswagen,10.0,20207.0,2023-11-14,Kenya,202070.0
993.0,Nev,Chevrolet,2.0,21421.0,2023-02-15,Tanzania,42842.0
994.0,Arden,Ford,5.0,20207.0,2023-10-11,Kenya,101035.0
995.0,Barnett,Ford,8.0,29621.0,2023-08-24,Kenya,236968.0
996.0,Mannie,Ford,10.0,29521.0,2023-07-12,Kenya,295210.0
997.0,Shara,Dodge,8.0,25136.0,2023-11-03,Kenya,201088.0
505.0,Inigo,Ford,13.0,11794.0,2023-08-01,Uganda,153322.0
505.0,Georgine,Dodge,14.0,18258.0,2023-06-11,Tanzania,255612.0
1000.0,Hermione,Cadillac,3.0,27354.0,2023-08-03,Tanzania,82062.0
